Kommun,n_observations,balanced_accuracy,macro_f1,weighted_f1,accuracy,f1_NN,precision_NN,recall_NN,f1_NV,precision_NV,recall_NV,f1_VN,precision_VN,recall_VN,f1_VV,precision_VV,recall_VV,n_NN,n_NV,n_VN,n_VV
0114,9581,0.3995135908581514,0.33075516449145126,0.5105655065007898,0.43680200396618307,0.4257987458942968,0.3469586374695864,0.5510046367851623,0.12309773419005748,0.07483552631578948,0.3466666666666667,0.1727475800446761,0.1309255079006772,0.2538293216630197,0.6013765978367748,0.9205298013245033,0.446553738317757,1294,525,914,6848
0115,6878,0.419865649726119,0.3622166872231679,0.7009742707710499,0.6365222448386159,0.35721107927411655,0.33754512635379064,0.3793103448275862,0.12135176651305683,0.0743879472693032,0.32916666666666666,0.17429193899782136,0.1284796573875803,0.2708803611738149,0.7960119641076769,0.922365988909427,0.7001052262364083,493,240,443,5702
0117,8544,0.4447817179527497,0.3617186513794294,0.6722077861269077,0.6107209737827716,0.3998272884283247,0.2877563704164077,0.6548797736916548,0.11311672683513839,0.07030665669409125,0.28923076923076924,0.16455696202531644,0.15384615384615385,0.17687074829931973,0.7693736282289381,0.9258431531897603,0.6581455805892548,707,325,588,6924
0120,9402,0.42425731856734294,0.3496600248436595,0.6708944970205135,0.5982769623484365,0.371224601867106,0.2908777969018933,0.5128983308042488,0.11367673179396093,0.06768905341089371,0.3545706371191136,0.1467425679949399,0.1254054054054054,0.17682926829268292,0.7669961977186311,0.9297566371681416,0.6527310380533264,659,361,656,7726
0123,16287,0.39543162297958157,0.3390525677115235,0.5699072754989878,0.49689936759378645,0.4035608308605341,0.3198494825964252,0.5466237942122186,0.09398840402807446,0.06192199437072778,0.1949367088607595,0.18280402788536018,0.13013509787703337,0.30709173715029275,0.675857008072125,0.9231099656357389,0.5330742516950554,1866,790,1537,12094
0125,5717,0.449320904669692,0.368628713006001,0.7397456982723014,0.6786776281266399,0.3897316219369895,0.3030852994555354,0.545751633986928,0.11477151965993623,0.06985769728331177,0.32142857142857145,0.14596949891067537,0.1157167530224525,0.1976401179941003,0.8240422115164029,0.9417933927635029,0.732463295269168,306,168,339,4904
0126,22508,0.4350400434694701,0.3662012331713431,0.6008968648342383,0.5464279367336058,0.460192286918008,0.33750594200602124,0.7230142566191446,0.12357925191155197,0.08098591549295775,0.26068003487358327,0.16840607210626185,0.16114389468906037,0.17635370094386488,0.7126273217495507,0.9236070665890118,0.5801121814412876,2946,1147,2013,16402
0127,18040,0.3868560594797752,0.3174704192650087,0.42075123348488086,0.38597560975609757,0.47885107220145584,0.3561082662765179,0.730711498048634,0.11828895678742907,0.08039157520023732,0.22378199834847234,0.19369973190348524,0.15146750524109015,0.26858736059479554,0.47904191616766467,0.9158785465405674,0.324343380927199,3331,1211,2152,11346
0128,3397,0.42968381179680054,0.3373860932898065,0.6105602905727444,0.5366499852811304,0.33365477338476374,0.23097463284379172,0.6006944444444444,0.12413793103448276,0.08314087759815242,0.24489795918367346,0.18673218673218672,0.13427561837455831,0.3064516129032258,0.7050194820077929,0.9326864766525167,0.5666912306558585,288,147,248,2714
0136,18586,0.4214916195730176,0.36069072547257075,0.5733198060487117,0.5178091036263854,0.479137244832456,0.36409756097560975,0.7004504504504504,0.10055521283158544,0.06921443736730361,0.18376550169109357,0.18645731108930325,0.14420157862780814,0.2637423653525819,0.6766131331369382,0.9114183307731695,0.5380081607979447,2664,887,1801,13234
0138,9884,0.4407577823336849,0.3648825447509445,0.665821547512058,0.5952043707001214,0.3994053518334985,0.3200953137410643,0.530961791831357,0.11473272490221642,0.07333333333333333,0.2634730538922156,0.18646616541353384,0.13018372703412073,0.32847682119205296,0.7589259368545294,0.9318840579710145,0.640119462419114,759,334,755,8036
0139,5902,0.411600218292856,0.33587460016239223,0.5800172392847848,0.5162656726533379,0.37934105075690117,0.27237851662404094,0.624633431085044,0.1345480028030834,0.08465608465608465,0.32764505119453924,0.13559322033898305,0.13457943925233645,0.1366223908918406,0.6940161267506012,0.9190708130385913,0.5575,682,293,527,4400
0140,2197,0.43040178059589485,0.33607362176744493,0.6739518414137876,0.5989986345015931,0.313953488372093,0.2727272727272727,0.3698630136986301,0.14968152866242038,0.08608058608058608,0.573170731707317,0.11295681063122924,0.10303030303030303,0.125,0.7677026594040371,0.9301242236024845,0.6535733769776323,146,82,136,1833
0160,13949,0.4552502219410143,0.37528058644412166,0.7376182429622524,0.6815542332783712,0.38332058148431525,0.2864493996569468,0.5791907514450867,0.10508083140877598,0.06701030927835051,0.24331550802139038,0.1875248311481923,0.14540973505853358,0.2639821029082774,0.8251961017352032,0.9414253172795314,0.7345125253893027,865,374,894,11816
0162,6733,0.4310863267056364,0.3704529722558698,0.7586266513610074,0.7026585474528442,0.3462603878116344,0.3306878306878307,0.3633720930232558,0.12903225806451613,0.08520179372197309,0.26573426573426573,0.1689059500959693,0.11262798634812286,0.3375959079283887,0.8376132930513596,0.9364576736331012,0.7576430401366353,344,143,391,5855
0163,14660,0.4234318581609626,0.36940146267250534,0.6767327915964473,0.6152114597544338,0.39399191218948587,0.3238366571699905,0.5029498525073747,0.12407809110629067,0.08451536643026004,0.233278955954323,0.1735370423753243,0.12625838926174496,0.27741935483870966,0.7859988050189205,0.9309978768577495,0.6800792693434431,1356,613,1085,11606
0180,208293,0.43834420620287556,0.3725930619123681,0.6624031455856169,0.6035152405505706,0.4309774537599568,0.32588943902812517,0.6360964431603069,0.11114399005740665,0.07467196819085486,0.21726052753354927,0.17830596180410901,0.14082848434469383,0.24296384822228861,0.769944842028,0.9296718192007924,0.6570560058953574,20074,8644,16735,162840
0181,19856,0.3835889393160171,0.31589439806471886,0.43745168301471166,0.4017929089443997,0.4941637556445429,0.37443511943189156,0.7264529058116233,0.14153258794655033,0.08840061318344404,0.3547505126452495,0.11674008810572688,0.1447098976109215,0.09783110290724505,0.5111411605620554,0.9103664921465968,0.35532123589995096,3992,1463,2167,12234
0182,21286,0.422982707612816,0.36512359575452114,0.7003930828817843,0.6395283284788124,0.39732441471571905,0.3104529616724739,0.551702786377709,0.08698474521259332,0.05733846812152332,0.18010752688172044,0.17429004985909385,0.13141549525988885,0.25868725868725867,0.8018951732306782,0.9359447004608294,0.701433258504576,1615,744,1554,17373
0183,9937,0.41175274309285137,0.34863618222261916,0.576195426983081,0.50155982690953,0.41570751523358157,0.34301675977653634,0.5274914089347079,0.1271551724137931,0.07776801405975395,0.3484251968503937,0.16896831844029245,0.13367609254498714,0.22958057395143489,0.6827137228028096,0.9235225955967555,0.5415137926348689,1164,508,906,7359
0184,17511,0.4286279288945286,0.3627092892278277,0.6255584106134434,0.5543943806750042,0.4164627363737486,0.3458980044345898,0.5231973169368362,0.12466367713004484,0.07537960954446854,0.3601036269430052,0.17819148936170212,0.14744718309859156,0.22513440860215053,0.7315192540458152,0.9224420576596948,0.6060763630961225,1789,772,1488,13462
0186,10034,0.43744553286919496,0.35756869956696247,0.7080439292617443,0.6378313733306757,0.37593123209169055,0.3000914913083257,0.5030674846625767,0.10447011551983927,0.06103286384976526,0.3623693379790941,0.15020219526285383,0.12404580152671756,0.1903367496339678,0.7996712553934662,0.9432864760058167,0.6940085592011412,652,287,683,8412
0187,2455,0.375038965507168,0.3174993235324652,0.6905023018870494,0.6077393075356415,0.2597402597402597,0.24793388429752067,0.2727272727272727,0.06074766355140187,0.03504043126684636,0.22807017543859648,0.17981072555205047,0.12179487179487179,0.3433734939759036,0.7696986452861487,0.9311036789297659,0.6559849198868991,110,57,166,2122
0188,13858,0.4199230592908768,0.3373916614584216,0.6121769214772859,0.540914994948766,0.3574533367425211,0.2705108359133127,0.5267520723436323,0.13423645320197045,0.08140403286034353,0.3824561403508772,0.14660493827160495,0.1207115628970775,0.18664047151277013,0.7112719176175898,0.9098547422386785,0.5838435529562277,1327,570,1018,10943
0191,9748,0.40872703131066773,0.3414443235151928,0.5318404367167726,0.4777390233894132,0.44973309608540923,0.3299608355091384,0.7060055865921788,0.13145191236539175,0.08477011494252873,0.29256198347107437,0.14443858724301528,0.1460554371002132,0.14285714285714285,0.6401536983669549,0.910880262438491,0.4934834123222749,1432,605,959,6752
0192,6061,0.41082929702550125,0.3508061630523672,0.5960396316587313,0.5205411648242865,0.41751269035532995,0.3647450110864745,0.48813056379821956,0.11790714812085483,0.07407407407407407,0.2888086642599278,0.17259475218658893,0.12042310821806347,0.3045267489711934,0.6952100615466952,0.911578947368421,0.5618512110726643,674,277,486,4624
0305,4497,0.3987237305437132,0.3071640957664128,0.5854575470443554,0.49544140538136533,0.3010752688172043,0.2222222222222222,0.4666666666666667,0.10962566844919786,0.062452399086062454,0.44808743169398907,0.14076246334310852,0.13370473537604458,0.14860681114551083,0.6771929824561403,0.9328177863702272,0.5315340126686863,360,183,323,3631
0319,2063,0.37107928469336204,0.29708360525881955,0.5478813938556145,0.47309743092583617,0.2198581560283688,0.36046511627906974,0.15816326530612246,0.08945686900958466,0.06167400881057269,0.16279069767441862,0.23069403714565004,0.13997627520759193,0.6555555555555556,0.6483253588516746,0.896361631753032,0.5078076202373517,196,86,180,1601
0330,3863,0.4346343157140197,0.34982962864762457,0.6965195180793455,0.6197256018638364,0.3356401384083045,0.28034682080924855,0.41810344827586204,0.12644889357218125,0.0736196319018405,0.44776119402985076,0.15284552845528454,0.12303664921465969,0.2017167381974249,0.7843839541547278,0.9439655172413793,0.6709558823529411,232,134,233,3264
0331,3071,0.38751186263871984,0.3297443092162261,0.5934666852479472,0.5180722891566265,0.3314917127071823,0.273972602739726,0.4195804195804196,0.11981566820276497,0.07252440725244072,0.3443708609271523,0.16566265060240964,0.13613861386138615,0.21153846153846154,0.7020072053525476,0.9021164021164021,0.5745577085088458,286,151,260,2374
0360,4650,0.4161985695262233,0.3241132519901431,0.5705142624181764,0.4834408602150538,0.33131313131313134,0.2701812191103789,0.4281984334203655,0.12753623188405797,0.07451312447078746,0.44221105527638194,0.17803660565723795,0.13001215066828675,0.28232189973614774,0.6595670391061452,0.9264345267287887,0.5120628896719979,383,199,379,3689
0380,48467,0.42879878972971375,0.36542198380568935,0.692363013458511,0.6341840840159284,0.36479908370716807,0.278693306110544,0.5279005524861878,0.11703958691910499,0.07800917755030004,0.23423423423423423,0.1843364904776454,0.14399363564041368,0.2560837577815506,0.7955127741188391,0.926497858997269,0.6969766144168823,3620,1887,3534,39426
0381,9530,0.40642888569124924,0.3348200917785005,0.597016031495975,0.5200419727177334,0.31807674526121127,0.26584234930448225,0.3958573072497123,0.15071659731853906,0.09476744186046511,0.36794582392776526,0.17002237136465326,0.11943425877422735,0.2949547218628719,0.7004646531695984,0.9162144562622097,0.5669576897246474,869,443,773,7445
0382,4954,0.4174777198238106,0.32521879643217066,0.5795517750076736,0.49838514331853045,0.3093465674110835,0.2438070404172099,0.4230769230769231,0.13733333333333334,0.08015564202334631,0.4790697674418605,0.18054162487462388,0.14705882352941177,0.23376623376623376,0.673653660109642,0.9122270742358078,0.533997955010225,442,215,385,3912
0428,1723,0.3953997307919528,0.33169085956045374,0.6555146341149214,0.5937318630295996,0.27705627705627706,0.19753086419753085,0.463768115942029,0.14860681114551083,0.09836065573770492,0.3037974683544304,0.13533834586466165,0.12080536912751678,0.15384615384615385,0.7657620041753653,0.911530815109344,0.660187185025198,138,79,117,1389
0461,2463,0.367175145237177,0.3089310421410367,0.6119648444607386,0.5290296386520503,0.30490018148820325,0.23796033994334279,0.42424242424242425,0.09363295880149813,0.05827505827505827,0.23809523809523808,0.12802768166089964,0.0891566265060241,0.22699386503067484,0.7091633466135459,0.9139020537124802,0.5793690535803706,198,105,163,1997
0480,11898,0.42261738374352475,0.34958392397983024,0.6580838059141676,0.5872415532022188,0.30097087378640774,0.2607232968881413,0.3559127439724455,0.13995117982099267,0.08634538152610442,0.36909871244635195,0.20049243756595145,0.14540816326530612,0.32276330690826727,0.756921204745969,0.9205268610330029,0.6426947716470345,871,466,883,9678
0481,1990,0.3906457587674723,0.3280312108143796,0.5041230748153985,0.43417085427135677,0.37906137184115524,0.3387096774193548,0.430327868852459,0.11455847255369929,0.07643312101910828,0.22857142857142856,0.22325581395348837,0.1476923076923077,0.45714285714285713,0.5952491849091756,0.8924581005586593,0.44654088050314467,244,105,210,1431
0482,3442,0.38188234567691076,0.33685621468497096,0.6071507777181483,0.5505520046484602,0.34242709313264347,0.25962910128388017,0.5027624309392266,0.10576923076923077,0.08979591836734693,0.1286549707602339,0.1715438950554995,0.12372634643377002,0.27960526315789475,0.7276846397825102,0.8877833056937534,0.6165067178502879,362,171,304,2605
0483,7142,0.4316613337157176,0.35706152036862765,0.6246130475013372,0.5550266031923831,0.33773087071240104,0.2945914844649022,0.3956723338485317,0.15577889447236182,0.09314903846153846,0.4754601226993865,0.20146764509673115,0.17257142857142857,0.2419871794871795,0.7332686711930165,0.9110873058382432,0.6135256988277727,647,326,624,5545
0484,22340,0.413807002391609,0.343672058633402,0.5618699426901275,0.4915846016114593,0.3896276595744681,0.3006361584239688,0.5534567434831885,0.13152741514360314,0.08113549426213006,0.347114556416882,0.18549942151947552,0.1557138232437682,0.22937529804482595,0.6680337382960613,0.917330783126129,0.5252814116215394,2647,1161,2097,16435
0486,7435,0.4191123372554053,0.3344855284636766,0.6309336959687162,0.5620712844653665,0.33222591362126247,0.2514367816091954,0.48951048951048953,0.14936954413191075,0.08886324293133295,0.46808510638297873,0.11648351648351649,0.1358974358974359,0.10192307692307692,0.7398631396180165,0.9239795918367347,0.6169306762050758,715,329,520,5871
0488,2813,0.39979243786173546,0.33204445421479445,0.6528002264344708,0.579452541770352,0.3106060606060606,0.24404761904761904,0.4270833333333333,0.10689655172413794,0.06512605042016807,0.2980769230769231,0.16271186440677965,0.12307692307692308,0.24,0.7479633401221996,0.9118559900682806,0.6340094950366854,192,104,200,2317
0509,1174,0.35094402673350045,0.24763602099974252,0.486850735436756,0.39608177172061326,0.2106969205834684,0.12452107279693486,0.6842105263157895,0.07604562737642585,0.045871559633027525,0.2222222222222222,0.1391304347826087,0.25806451612903225,0.09523809523809523,0.5646711012564671,0.9478908188585607,0.40210526315789474,95,45,84,950
0512,836,0.37789725692820886,0.2943862545527236,0.6040138500406698,0.5059808612440191,0.20833333333333334,0.16483516483516483,0.2830188679245283,0.09665427509293681,0.0546218487394958,0.41935483870967744,0.18421052631578946,0.1414141414141414,0.2641509433962264,0.6883468834688347,0.9338235294117647,0.5450643776824035,53,31,53,699
0513,2197,0.43808737789803215,0.3103017200008725,0.5844123403171644,0.49476558944014565,0.244,0.18429003021148035,0.3609467455621302,0.15135135135135136,0.08549618320610687,0.6588235294117647,0.1751412429378531,0.15048543689320387,0.20945945945945946,0.6707142857142857,0.9343283582089552,0.5231197771587743,169,85,148,1795
0560,1225,0.3954631829650845,0.2902087462888191,0.5541246553011292,0.45877551020408164,0.298932384341637,0.2222222222222222,0.45652173913043476,0.1347708894878706,0.07911392405063292,0.45454545454545453,0.09665427509293681,0.06435643564356436,0.19402985074626866,0.6304774362328319,0.9305019305019305,0.47675568743818003,92,55,67,1011
0561,2488,0.4198560246776581,0.33403887595601933,0.6586905877711928,0.5811897106109325,0.24258760107816713,0.2102803738317757,0.28662420382165604,0.13660245183887915,0.08108108108108109,0.43333333333333335,0.2049469964664311,0.14910025706940874,0.327683615819209,0.7520184544405998,0.9287749287749287,0.6317829457364341,157,90,177,2064
0562,4679,0.40044069824530837,0.32225177266462735,0.6170074921597868,0.5375080145330199,0.2901439645625692,0.24952380952380954,0.34656084656084657,0.1307471264367816,0.07570715474209651,0.4789473684210526,0.15058823529411763,0.12749003984063745,0.1839080459770115,0.7175277643650411,0.909795918367347,0.5923465320223226,378,190,348,3763
0563,1763,0.3724284262088219,0.31212943391423476,0.6338106023279976,0.5496313102665911,0.20657276995305165,0.25,0.176,0.10108303249097472,0.05737704918032787,0.42424242424242425,0.20555555555555555,0.16371681415929204,0.27611940298507465,0.7353063776573572,0.9177939646201873,0.6133518776077886,125,66,134,1438
0580,35216,0.43225146959937527,0.36612759072271084,0.6763150886475471,0.6093253066787824,0.35827591732094216,0.3052976515565265,0.4335013571151609,0.13352495427227593,0.08240606353813901,0.35168616655196144,0.19630390143737167,0.15261813537675606,0.27502876869965476,0.7764055898602535,0.9252965383684338,0.668789586030724,2579,1453,2607,28577
0581,30452,0.41632512354611484,0.3439750932440264,0.603019840980496,0.5281426507290161,0.38026928400654336,0.3019584332533973,0.5134216785592932,0.12740775121838013,0.0761865112406328,0.3888101983002833,0.15853069115514742,0.13804713804713806,0.18615209988649262,0.7096926465960348,0.9218558386701186,0.57691651743839,2943,1412,2643,23454
0582,3135,0.3849095971184846,0.3024633392710665,0.6129927675022245,0.5180223285486444,0.2567049808429119,0.20303030303030303,0.3489583333333333,0.09195402298850575,0.05194805194805195,0.4,0.16523235800344235,0.128,0.23300970873786409,0.6959619952494062,0.9254579911560329,0.5576703464027408,192,110,206,2627
0583,9565,0.4275714709144375,0.3554149600864165,0.6445131742723414,0.578463146889702,0.33739837398373984,0.25633106856084004,0.4934601664684899,0.1318422601530312,0.085041761579347,0.2931937172774869,0.20335905583295505,0.1558803061934586,0.2924281984334204,0.7490601503759399,0.9210323574730355,0.6312038014783526,841,382,766,7576
0584,1720,0.4174518279884198,0.3230665156893615,0.63918554969911,0.5523255813953488,0.30526315789473685,0.2248062015503876,0.47540983606557374,0.10154525386313466,0.0583756345177665,0.3898305084745763,0.1640625,0.1320754716981132,0.21649484536082475,0.7213951509995746,0.9328932893289329,0.5880721220527045,122,59,97,1442
0586,5900,0.3868016667856514,0.3084275840917968,0.6250725047661738,0.5549152542372882,0.26635784597568035,0.1777434312210201,0.5311778290993071,0.11870773854244929,0.07390084190832553,0.3015267175572519,0.11812080536912752,0.13793103448275862,0.10328638497652583,0.73052394647993,0.9077066500932256,0.6112157355095208,433,262,426,4779
0604,1423,0.40377219763795846,0.33105704064324976,0.6893858645042631,0.624033731553057,0.3188405797101449,0.2972972972972973,0.34375,0.13930348258706468,0.08069164265129683,0.509090909090909,0.07741935483870968,0.08571428571428572,0.07058823529411765,0.7886647454370798,0.9173184357541899,0.6916596461668071,96,55,85,1187
0617,2066,0.4332860515893381,0.35914381407838136,0.5970452158178827,0.5208131655372701,0.45151033386327505,0.36503856041131105,0.5916666666666667,0.09947643979057591,0.06229508196721312,0.24675324675324675,0.1951219512195122,0.1350210970464135,0.3516483516483517,0.6904665314401622,0.9476614699331849,0.5430759412890874,240,77,182,1567
0642,1553,0.3731443319304548,0.2996235442494995,0.605176008590723,0.5228589826142949,0.19213973799126638,0.19469026548672566,0.1896551724137931,0.12121212121212122,0.07250755287009064,0.36923076923076925,0.18316831683168316,0.12292358803986711,0.3592233009708738,0.7019740009629273,0.9022277227722773,0.574468085106383,116,65,103,1269
0643,2394,0.45496669934487965,0.35340925350734453,0.7021230816031702,0.6203007518796992,0.33451957295373663,0.29936305732484075,0.3790322580645161,0.13766730401529637,0.08126410835214447,0.45,0.1652542372881356,0.10985915492957747,0.3333333333333333,0.7761958997722096,0.9471855455177206,0.6575012059816691,124,80,117,2073
0662,6233,0.4281144635143732,0.35316996067147993,0.6044032795470059,0.5421145515802984,0.39324817518248173,0.29621993127147767,0.5848032564450475,0.15085444902769593,0.09288824383164006,0.4012539184952978,0.15621301775147928,0.1736842105263158,0.14193548387096774,0.7123642007242628,0.9119205298013245,0.58446519524618,737,319,465,4712
0665,2712,0.4132920772684774,0.32316831666446283,0.5619119981477936,0.46792035398230086,0.35752212389380533,0.3098159509202454,0.4225941422594142,0.12622222222222224,0.0715725806451613,0.5338345864661654,0.16589861751152074,0.13846153846153847,0.20689655172413793,0.6430303030303031,0.935626102292769,0.48984302862419205,239,133,174,2166
0680,29410,0.43727824062729725,0.3648183745909573,0.658080827021835,0.5930635838150289,0.4043389830508475,0.31622481442205724,0.5605263157894737,0.1350108225108225,0.08231606730451996,0.375187969924812,0.15803814713896458,0.15104166666666666,0.1657142857142857,0.7618855456631946,0.924980096760365,0.6476843910806175,2660,1330,2100,23320
0682,6450,0.4264428725707664,0.37158025701703423,0.6831311505493813,0.6334883720930232,0.36159600997506236,0.2692664809656453,0.5502846299810247,0.12358572671888599,0.0855421686746988,0.2225705329153605,0.20610687022900764,0.18815331010452963,0.22784810126582278,0.7950324211451808,0.9113126732174351,0.7050682261208577,527,319,474,5130
0683,7523,0.41350107286833915,0.35605529327740865,0.6682612416792022,0.6069387212548185,0.3783505154639175,0.289204097714736,0.5469448584202683,0.1111111111111111,0.07090464547677261,0.25663716814159293,0.15702479338842976,0.13991163475699558,0.17890772128060264,0.7777347531461762,0.9238730450781969,0.6715145436308927,671,339,531,5982
0684,2376,0.38800685754833264,0.32115176070527407,0.6500444806695111,0.5841750841750841,0.3496932515337423,0.27602905569007263,0.4769874476987448,0.11360239162929746,0.06666666666666667,0.3838383838383838,0.05970149253731343,0.10909090909090909,0.0410958904109589,0.7616099071207431,0.9192825112107623,0.6501057082452432,239,99,146,1892
0685,5904,0.42309944414367073,0.32668958514491997,0.6407219753974726,0.5833333333333334,0.34074074074074073,0.23977546110665598,0.5885826771653543,0.142761841227485,0.08608205953338696,0.41796875,0.06822262118491922,0.1743119266055046,0.04241071428571429,0.755033137426535,0.913464447806354,0.6434356351236147,508,256,448,4692
0686,3729,0.422260400654578,0.335044189195788,0.6139462206771453,0.5299007776883883,0.33281972265023113,0.3,0.3737024221453287,0.15323224261771748,0.0893854748603352,0.5363128491620112,0.14925373134328357,0.11600928074245939,0.20920502092050208,0.7048710601719198,0.9238197424892703,0.5698213103904699,289,179,239,3022
0687,4042,0.4149756070443653,0.35366896786467583,0.6734339050865991,0.6083621969322118,0.33186813186813185,0.25506756756756754,0.4748427672955975,0.10714285714285714,0.06774193548387097,0.25609756097560976,0.19946091644204852,0.16192560175054704,0.2596491228070175,0.7762039660056658,0.9237252423093131,0.6693129770992367,318,164,285,3275
0760,1943,0.43363910023304025,0.36678580508385544,0.6472526373782483,0.5892949047864128,0.3890784982935154,0.2961038961038961,0.5671641791044776,0.13609467455621302,0.09019607843137255,0.27710843373493976,0.18848167539267016,0.1518987341772152,0.2482758620689655,0.7534883720930232,0.9118198874296435,0.6420079260237781,201,83,145,1514
0761,1716,0.37186304386619595,0.29995025208566417,0.5983846178188834,0.5104895104895105,0.20853080568720378,0.3283582089552239,0.1527777777777778,0.10623556581986143,0.06353591160220995,0.323943661971831,0.1863799283154122,0.11764705882352941,0.4482758620689655,0.6986547085201794,0.9218934911242603,0.5624548736462094,144,71,116,1385
0763,2725,0.418852632964001,0.3318517440982559,0.621555157589161,0.5519266055045872,0.36114285714285715,0.2611570247933884,0.5851851851851851,0.1320754716981132,0.07890499194847021,0.4049586776859504,0.11188811188811189,0.1415929203539823,0.09248554913294797,0.7223005356639414,0.9242424242424242,0.5927811198519204,270,121,173,2161
0764,4273,0.43636640016141093,0.3513620993013211,0.6145779915799154,0.5298385209454716,0.3634053367217281,0.3142857142857143,0.4307228915662651,0.11992945326278659,0.07046632124352331,0.40236686390532544,0.21612349914236706,0.1569115815691158,0.34710743801652894,0.7059901080784027,0.94,0.5652684071575242,332,169,363,3409
0765,3465,0.4139790222705855,0.35062032573547186,0.6736063093107,0.6152958152958153,0.3238095238095238,0.27546296296296297,0.3927392739273927,0.14553990610328638,0.08744710860366714,0.43356643356643354,0.14432989690721648,0.15418502202643172,0.13565891472868216,0.7888019761218609,0.9136862184072484,0.6939514668598334,303,143,258,2761
0767,2174,0.4153372751439872,0.3605984568382433,0.6154632430756027,0.5519779208831647,0.4265842349304482,0.34673366834170855,0.5542168674698795,0.10289389067524116,0.08465608465608465,0.13114754098360656,0.18523878437047755,0.12307692307692308,0.3742690058479532,0.7276769173768062,0.9203373945641987,0.6017156862745098,249,122,171,1632
0780,19829,0.43389299281497573,0.35501245649181845,0.6617607014069263,0.5846487467850119,0.3832271762208068,0.3233318405732199,0.4703583061889251,0.12954507018433958,0.07520125662674258,0.46707317073170734,0.15125448028673835,0.1411371237458194,0.16293436293436295,0.756023099275389,0.93359375,0.6352061314049076,1535,820,1295,16179
0781,6151,0.42730707658337663,0.37056681806403696,0.6509174006942358,0.5839700861648512,0.4157441574415744,0.3607257203842049,0.49056603773584906,0.12071330589849108,0.07401177460050462,0.3271375464684015,0.18938053097345134,0.15263908701854492,0.2494172494172494,0.756429277942631,0.9202767749699158,0.6421074727120067,689,269,429,4764
0821,1233,0.40925967580218814,0.31693137950150535,0.5425750157536394,0.46553122465531227,0.2962962962962963,0.2077922077922078,0.5161290322580645,0.16733067729083664,0.11170212765957446,0.3333333333333333,0.1686746987951807,0.11666666666666667,0.30434782608695654,0.6354238456237078,0.9275653923541247,0.4832285115303983,124,63,92,954
0834,1521,0.40919461439007887,0.31865769449249415,0.6259499004435116,0.5476660092044707,0.30952380952380953,0.23423423423423423,0.45614035087719296,0.117096018735363,0.06720430107526881,0.45454545454545453,0.12727272727272726,0.125,0.12962962962962962,0.7207382224380767,0.9104294478527607,0.5964630225080386,114,55,108,1244
0840,3258,0.40383068390532817,0.35585368475212037,0.7531482172472236,0.7056476365868631,0.30022075055187636,0.26053639846743293,0.3541666666666667,0.08712871287128712,0.05152224824355972,0.28205128205128205,0.19638242894056848,0.1890547263681592,0.20430107526881722,0.8396828466447496,0.9164204305614183,0.7748037116345468,192,78,186,2802
0860,2983,0.42188871972525954,0.3403215041201514,0.5794621158257833,0.5105598390881663,0.3314020857473928,0.2581227436823105,0.4627831715210356,0.14606741573033707,0.09653465346534654,0.3,0.20905923344947736,0.14376996805111822,0.3829787234042553,0.6747572815533981,0.8942101501072195,0.541792983975747,309,130,235,2309
0861,2885,0.39467670598659765,0.3108285264124725,0.6132685040283894,0.5254766031195841,0.30742049469964666,0.25290697674418605,0.3918918918918919,0.10187110187110188,0.056910569105691054,0.48514851485148514,0.12807881773399016,0.12871287128712872,0.12745098039215685,0.7059436913451512,0.9161028416779432,0.5742154368108566,222,101,204,2358
0862,2033,0.43110442658530534,0.3767814489260102,0.6715977705309335,0.6237088047220856,0.3895582329317269,0.31596091205211724,0.5078534031413613,0.17218543046357615,0.12037037037037036,0.3023255813953488,0.16203703703703703,0.12867647058823528,0.21875,0.7833450952717008,0.8966074313408724,0.6954887218045113,191,86,160,1596
0880,15020,0.419517604857724,0.33384041555638233,0.6247818776355776,0.5392143808255659,0.32137030995106036,0.293591654247392,0.35495495495495494,0.13812570568310123,0.07885689729265148,0.556060606060606,0.15903197925669835,0.1407804131599082,0.182720953326713,0.7168336673346694,0.9270441881560192,0.584333905088622,1110,660,1007,12243
0881,4330,0.4171055967194093,0.3470634013086843,0.632009263197127,0.563972286374134,0.33535353535353535,0.29173989455184535,0.39429928741092635,0.16147082334132695,0.09711538461538462,0.4786729857819905,0.14964028776978416,0.13402061855670103,0.16938110749185667,0.7417889587700909,0.9099871410201458,0.6260690061928634,421,211,307,3391
0882,5823,0.42508005549360145,0.3213225852222345,0.6084686022675799,0.5205220676627168,0.3085904920767306,0.253077975376197,0.3952991452991453,0.12601846822379142,0.07112201103617413,0.5523809523809524,0.1540020263424519,0.12751677852348994,0.19437340153452684,0.696679354245964,0.9263525305410122,0.5582667227597813,468,210,391,4754
0883,8184,0.4022160893081299,0.3258242342632667,0.5863642714974561,0.5056207233626588,0.2958161461402475,0.26421052631578945,0.3360107095046854,0.13983050847457626,0.08266533066132264,0.4532967032967033,0.17799511002444987,0.13392200147167035,0.2653061224489796,0.6896551724137931,0.9126063418406806,0.5542508219821513,747,364,686,6387
0884,3403,0.4137998524663891,0.3355981233689784,0.6260951117912184,0.552159858947987,0.2876557191392978,0.21237458193979933,0.4456140350877193,0.13504823151125403,0.0875,0.29577464788732394,0.1935483870967742,0.13953488372093023,0.3157894736842105,0.7261401557285874,0.9241223103057757,0.5980212532063027,285,142,247,2729
0885,2472,0.40447090257303675,0.3286408378178677,0.6902453934583535,0.6286407766990292,0.30592734225621415,0.23460410557184752,0.43956043956043955,0.11428571428571428,0.06666666666666667,0.4,0.1015625,0.13541666666666666,0.08125,0.7927877947295423,0.9189710610932476,0.6970731707317073,182,80,160,2050
0980,13316,0.39575736982664694,0.32483358702345455,0.6271498364323821,0.5489636527485732,0.27881548974943055,0.2531017369727047,0.3103448275862069,0.13544746036011826,0.07979734008866371,0.44760213143872113,0.15701881331403764,0.1225296442687747,0.21852970795568982,0.7280525846702317,0.9104207300083589,0.6065528123259699,986,563,993,10774
1060,2889,0.36382243944931886,0.2779858557787056,0.44440759357654347,0.36310141917618555,0.2979310344827586,0.271356783919598,0.3302752293577982,0.11764705882352941,0.06845965770171149,0.417910447761194,0.1751412429378531,0.11802030456852793,0.33941605839416056,0.5212240868706811,0.8949152542372881,0.36768802228412256,327,134,274,2154
1080,14323,0.43810702949906594,0.3583947659306991,0.6702107232636293,0.5941492704042449,0.37656182679879363,0.3416731821735731,0.41938579654510555,0.13119709794437726,0.0775,0.4271653543307087,0.16638711841663872,0.12174766813942071,0.2627118644067797,0.7594330205629867,0.9270135250396003,0.6431651027136698,1042,508,944,11829
1081,6204,0.41423778117070204,0.3362875221758346,0.6407462410401898,0.5631850419084462,0.3353214049039099,0.25199203187250996,0.500990099009901,0.09827586206896552,0.060126582278481014,0.2688679245283019,0.1763046544428773,0.1286008230452675,0.2802690582959641,0.7352481672875856,0.9326219512195122,0.6068240428486411,505,212,446,5041
1082,7046,0.4267904439972054,0.35508006588098806,0.6543931310817455,0.5892705080896963,0.337798485730926,0.2580071174377224,0.48903878583473864,0.13171839515518546,0.08422071636011616,0.3020833333333333,0.19485038274182323,0.15151515151515152,0.2729044834307992,0.7559529998960175,0.9167717528373266,0.6431351733899504,593,288,513,5652
1083,3900,0.42321088820807806,0.34350899579341165,0.6466909262001977,0.5625641025641026,0.3484848484848485,0.32577903682719545,0.3745928338762215,0.10558375634517767,0.06053550640279395,0.4126984126984127,0.18501170960187355,0.13435374149659865,0.29699248120300753,0.7349556687417469,0.9276190476190476,0.6085598250546704,307,126,266,3201
1214,2927,0.4148062440407418,0.3309200472107443,0.5807684977132478,0.5029039972668261,0.3602941176470588,0.2702205882352941,0.5404411764705882,0.12233285917496443,0.07517482517482517,0.3282442748091603,0.16666666666666666,0.12317327766179541,0.2576419213973799,0.6743865453542873,0.9181681681681682,0.5328976034858388,272,131,229,2295
1230,5014,0.40423691194006744,0.36547686007130753,0.7540636725934182,0.7159952134024731,0.3125,0.2764423076923077,0.359375,0.15267175572519084,0.1059322033898305,0.273224043715847,0.14209115281501342,0.11471861471861472,0.18661971830985916,0.854644531745026,0.9203056768558951,0.7977288857345636,320,183,284,4227
1231,3708,0.39603032994431475,0.3409246892992962,0.5189903929862963,0.4519956850053937,0.45324675324675323,0.37648327939590076,0.5693311582381729,0.1147227533460803,0.07042253521126761,0.30927835051546393,0.1780821917808219,0.1419656786271451,0.2388451443569554,0.6176470588235294,0.9130434782608695,0.4666666666666667,613,194,381,2520
1233,7699,0.40335149496365263,0.3510281868995018,0.782302210566175,0.7349006364462918,0.24922118380062305,0.22535211267605634,0.2787456445993031,0.11016949152542373,0.07344632768361582,0.22033898305084745,0.1850101282916948,0.12998102466793168,0.32084309133489464,0.8597119439802657,0.9380100711929155,0.7934782608695652,287,177,427,6808
1256,3015,0.4214005674120806,0.3389831541646448,0.6158582986250992,0.5449419568822554,0.36930455635491605,0.2851851851851852,0.5238095238095238,0.13230429988974643,0.07751937984496124,0.45112781954887216,0.13612565445026178,0.16049382716049382,0.11818181818181818,0.718198105963655,0.9116309291747888,0.5924831081081081,294,133,220,2368
1257,2066,0.380480515605285,0.29987952998190537,0.5587771731008725,0.484027105517909,0.3248175182481752,0.2755417956656347,0.39555555555555555,0.13221153846153846,0.07534246575342465,0.5392156862745098,0.07239819004524888,0.13793103448275862,0.049079754601226995,0.670090873172659,0.8879581151832461,0.5380710659898477,225,102,163,1576
1260,3099,0.4089547052039607,0.35406902799687917,0.5723138853783171,0.5150048402710552,0.4568452380952381,0.35450346420323325,0.6422594142259415,0.1248339973439575,0.08117443868739206,0.27011494252873564,0.15332197614991483,0.1347305389221557,0.17786561264822134,0.6812749003984063,0.9068181818181819,0.5455788514129444,478,174,253,2194
1261,6429,0.4171734146140118,0.35043942926629434,0.7232681378729334,0.6592004977445948,0.3434959349593496,0.2893835616438356,0.4225,0.1058271935699933,0.06109822119102862,0.395,0.13872832369942195,0.15047021943573669,0.128686327077748,0.8137062648364124,0.9312544294826365,0.7225073313782991,400,200,373,5456
1262,5064,0.42044212667830194,0.3536053773220378,0.7845432193361667,0.7278830963665087,0.25249169435215946,0.2878787878787879,0.22485207100591717,0.10574712643678161,0.06990881458966565,0.2169811320754717,0.20324508966695132,0.1299126637554585,0.4666666666666667,0.8529375988322588,0.9509085977759696,0.7732686369651521,169,106,255,4534
1263,4559,0.4272456826737566,0.36529191919522996,0.743078510800635,0.7001535424435184,0.31630170316301703,0.23853211009174313,0.4693140794223827,0.15960912052117263,0.10864745011086474,0.3006134969325153,0.14691151919866444,0.12941176470588237,0.16988416988416988,0.8383453338980658,0.9211914365497983,0.7691709844559586,277,163,259,3860
1264,3345,0.4181691130880185,0.3216682391683763,0.6103072395178272,0.5243647234678624,0.3293492695883134,0.248,0.4901185770750988,0.11055276381909548,0.06300114547537228,0.45081967213114754,0.14695340501792115,0.12974683544303797,0.16942148760330578,0.6998175182481752,0.9263285024154589,0.5623167155425219,253,122,242,2728
1265,4166,0.3939271121130134,0.3024935623844686,0.5222441300322931,0.4385501680268843,0.307981220657277,0.24153166421207659,0.42487046632124353,0.14075067024128687,0.08306962025316456,0.4605263157894737,0.15547703180212014,0.1164021164021164,0.23404255319148937,0.6057653268371904,0.9009661835748792,0.4562691131498471,386,228,282,3270
1266,3329,0.3939207123261973,0.3340146981672395,0.6192595773183309,0.5364974466806849,0.36075949367088606,0.3313953488372093,0.3958333333333333,0.11140583554376658,0.06763285024154589,0.3157894736842105,0.14888888888888888,0.10166919575113809,0.27800829875518673,0.7150045745654163,0.9167155425219942,0.5860517435320585,288,133,241,2667
1267,3636,0.40649365636617385,0.342526208105851,0.670794044783389,0.6144114411441144,0.3150105708245243,0.22106824925816024,0.5477941176470589,0.10160427807486631,0.08016877637130802,0.1386861313868613,0.1782178217821782,0.13432835820895522,0.2647058823529412,0.7752721617418351,0.910918227501142,0.6747884940778341,272,137,272,2955
1270,2900,0.3957178442380822,0.2890035455634077,0.5051575722351553,0.4127586206896552,0.28129829984544047,0.23273657289002558,0.35546875,0.12698412698412698,0.07163053722902922,0.5588235294117647,0.16666666666666666,0.1266490765171504,0.2436548223350254,0.5810650887573965,0.9186155285313377,0.4249242752055387,256,136,197,2311
1272,2712,0.4185073555616816,0.36107206169142037,0.6519246381531046,0.5807522123893806,0.3626373626373626,0.336734693877551,0.39285714285714285,0.10030395136778116,0.058823529411764705,0.3402061855670103,0.22950819672131148,0.18584070796460178,0.3,0.7518387360392264,0.9090909090909091,0.6409660938225732,252,97,210,2153
1273,2761,0.42369372026508056,0.3317513424016719,0.5975422630160826,0.5237232886635277,0.3541666666666667,0.2533112582781457,0.5884615384615385,0.13568521031207598,0.08223684210526316,0.3875968992248062,0.145985401459854,0.13100436681222707,0.16483516483516483,0.6911680911680912,0.918939393939394,0.5538812785388127,260,129,182,2190
1275,1465,0.4037477170871355,0.3404375905701462,0.5463222854747978,0.49215017064846417,0.3924963924963925,0.2792607802874743,0.6601941747572816,0.14545454545454545,0.10810810810810811,0.2222222222222222,0.16770186335403728,0.13636363636363635,0.21774193548387097,0.6560975609756098,0.9042016806722689,0.5148325358851674,206,90,124,1045
1276,3627,0.39500671954377525,0.33440692671626376,0.5695706187697569,0.5015164047422112,0.40161290322580645,0.3229571984435798,0.5309168443496801,0.11629955947136564,0.06896551724137931,0.3707865168539326,0.14444444444444443,0.15789473684210525,0.13310580204778158,0.6752707997234386,0.8868038740920097,0.5452177149237067,469,178,293,2687
1277,3067,0.4083158078889515,0.34803492281840454,0.584811231813616,0.5268992500815128,0.41530054644808745,0.34182908545727136,0.5290023201856149,0.15631691648822268,0.09605263157894736,0.41954022988505746,0.1111111111111111,0.12871287128712872,0.09774436090225563,0.709411117226197,0.8963838664812239,0.586976320582878,431,174,266,2196
1278,3369,0.4111362497810518,0.32339384209484007,0.633385389565363,0.5574354407836153,0.31446540880503143,0.2127659574468085,0.6024096385542169,0.09170305676855896,0.05965909090909091,0.19811320754716982,0.15892420537897312,0.11711711711711711,0.24714828897338403,0.7284826974267968,0.9345475241889585,0.5968738640494365,249,106,263,2751
1280,70098,0.41939590330724685,0.3542380937574646,0.5723600791782716,0.5113983280550087,0.4413513224876295,0.32840644204280567,0.6727075420510038,0.11194805194805195,0.07246133154001345,0.24600456621004566,0.1809863339275104,0.15483936559577063,0.2177580783528739,0.6826666666666666,0.9245167853509664,0.541113426615064,9215,3504,6994,50385
1281,26023,0.4374557756981772,0.37202255766049297,0.7076224428705962,0.6412788686930792,0.42203426588592496,0.36744712990936557,0.4956698930208864,0.11678583588695948,0.06912535268037082,0.37609649122807015,0.14784603619678818,0.12702584318878668,0.17682926829268292,0.8014240926722993,0.9350278983261004,0.7012274502510694,1963,912,1640,21508
1282,9512,0.42149589689819794,0.3515545580277103,0.563079444094374,0.49348191757779647,0.42697327532628965,0.3380905511811024,0.5792580101180439,0.13847583643122677,0.08900836320191159,0.3117154811715481,0.17594254937163376,0.12915129151291513,0.2759009009009009,0.6648265709816911,0.9242773087746227,0.5191091954022988,1186,478,888,6960
1283,30229,0.41805018514867937,0.3502748399642888,0.5914181778432633,0.5212875053756326,0.40992515123551726,0.3144070462409563,0.5888070692194404,0.11790562378797673,0.07287837621863513,0.3085250338294993,0.17517347725520432,0.1483416035518412,0.21385542168674698,0.6980951075784569,0.9238302502720348,0.5610132158590309,3395,1478,2656,22700
1284,5629,0.39849500896176915,0.3359554456297028,0.690294959043032,0.6255107479125955,0.3326345213137666,0.23919597989949748,0.5458715596330275,0.05981794538361508,0.03833333333333333,0.13609467455621302,0.1671957671957672,0.13036303630363036,0.23303834808259588,0.7841735486256625,0.9279463243873979,0.6789754535752401,436,169,339,4685
1285,6976,0.4158902421341947,0.35123747884746415,0.6355971111364731,0.5703841743119266,0.3663530713890426,0.2929203539823009,0.48892171344165436,0.1351636747624076,0.08173690932311622,0.3902439024390244,0.1560418648905804,0.16141732283464566,0.15101289134438306,0.7473913043478261,0.9114528101802757,0.633382461311717,677,328,543,5428
1286,6576,0.41092683424458365,0.34434064492519645,0.6618763847034713,0.5983880778588808,0.2732811140121845,0.2400611620795107,0.31717171717171716,0.14718019257221457,0.08946488294314381,0.41472868217054265,0.1887366818873668,0.1536555142503098,0.2445759368836292,0.76816459122902,0.9050778259760143,0.6672310007524455,495,258,507,5316
1287,9578,0.41399804161227494,0.3444751274814224,0.6128458897732766,0.5456253915222384,0.4015544041450777,0.2967927237912877,0.6206206206206206,0.09219422249539029,0.06048387096774194,0.1937984496124031,0.17105263157894737,0.12778505897771952,0.25862068965517243,0.7130992517062742,0.9180605547321617,0.5829524065609034,999,387,754,7438
1290,18212,0.43317923895586474,0.3526314389401098,0.616171535962966,0.5364594772677356,0.3512321660181582,0.30885036496350365,0.40709561034275404,0.13751643809881645,0.08104517271922054,0.45353159851301117,0.20796347958407305,0.16148089799133516,0.292022792022792,0.7138136720593915,0.9277189068600111,0.5800669549449017,1663,807,1404,14338
1291,4242,0.43089760307574515,0.34768899043871043,0.6260834252996561,0.54997642621405,0.32978723404255317,0.3263157894736842,0.3333333333333333,0.15617529880478087,0.09116279069767441,0.5444444444444444,0.17713004484304934,0.13982300884955753,0.2415902140672783,0.7276633840644584,0.9144914491449145,0.6042224204579245,372,180,327,3363
1292,9257,0.41609419880649035,0.3574296415501511,0.6728091089530366,0.6101328724208707,0.32786885245901637,0.29204431017119836,0.37371134020618557,0.13947128532360983,0.08518930957683742,0.3844221105527638,0.18479685452162517,0.15545755237045203,0.22778675282714056,0.7775815738963532,0.9106275849667326,0.6784565916398714,776,398,619,7464
1293,10918,0.42498086629002424,0.3656128505253228,0.6528184151776186,0.5933321121084447,0.38659611992945325,0.3094297007340486,0.5150375939849624,0.1257413997627521,0.08709942481511915,0.2260127931769723,0.191676212294769,0.1389811738648948,0.3087330873308733,0.7584376701143168,0.9100261267145656,0.6501399906672889,1064,469,813,8572
1315,2166,0.39377505498916165,0.3223037833361345,0.5077105027818258,0.42705447830101567,0.38956521739130434,0.3745819397993311,0.4057971014492754,0.10542168674698796,0.06216696269982238,0.3465346534653465,0.20579710144927535,0.14087301587301587,0.3817204301075269,0.5884311277569705,0.88375,0.4410480349344978,276,101,186,1603
1380,21536,0.42386031511664013,0.35744526245488384,0.6335171273150068,0.5642644873699851,0.36245428687525394,0.2982280173854898,0.4619368203003625,0.13560682046138414,0.08424725822532403,0.3473792394655704,0.19216646266829865,0.15028717294192726,0.2664027149321267,0.7395534798145986,0.9168348100710588,0.619722485768501,1931,973,1768,16864
1381,5528,0.44013943752628554,0.3635614463597536,0.6593543007794657,0.5920767004341534,0.3617693522906793,0.32162921348314605,0.41335740072202165,0.1509433962264151,0.0906515580736544,0.4507042253521127,0.17881438289601556,0.14067278287461774,0.24533333333333332,0.7627186540259047,0.9203996132774734,0.6511627906976745,554,213,375,4386
1382,9648,0.4339745528698755,0.34360165031213175,0.6164135877524365,0.535240464344942,0.3767605633802817,0.2978427279053584,0.5125748502994012,0.12747569319409435,0.0744636095919226,0.4425,0.16207090602138435,0.1322314049586777,0.20930232558139536,0.7080994386527666,0.9304531085353003,0.5715210355987055,835,400,688,7725
1383,13924,0.4074508503657287,0.3489040988711769,0.6979091174792632,0.6347313990232691,0.3139240506329114,0.2570836212854181,0.40303358613217766,0.11426222770242499,0.07194616977225674,0.2774451097804391,0.17134416543574593,0.13041034288926362,0.24973089343379978,0.7960859517136254,0.9234542550764316,0.6995938121164982,923,501,929,11571
1384,17509,0.4095038653573052,0.3479207858055182,0.7290027953313573,0.6693129247815409,0.2942664418212479,0.24219292158223457,0.3748657357679914,0.11296915644741731,0.07106124357176251,0.2753623188405797,0.16784112748238308,0.12440645773979107,0.2578740157480315,0.8166064174710245,0.9266683582846993,0.7299133910726182,931,552,1016,15010
1401,7784,0.41701971615531586,0.347100703369845,0.7229155152802769,0.6657245632065776,0.30781893004115224,0.23821656050955414,0.43488372093023253,0.13087674714104194,0.07965970610982212,0.3665480427046263,0.13209494324045407,0.1292929292929293,0.1350210970464135,0.8176121930567316,0.9265016311648436,0.7316260039399909,430,281,474,6599
1402,8042,0.4153736651261162,0.35791449037789097,0.6873688651733401,0.6316836607809003,0.35880758807588076,0.2788542544229149,0.5030395136778115,0.12139605462822459,0.07889546351084813,0.2631578947368421,0.15530047265361244,0.12994350282485875,0.1929530201342282,0.7961538461538461,0.9188861985472155,0.7023442319555829,658,304,596,6484
1407,2914,0.39221011823956275,0.31975150554861387,0.7599638063891301,0.6973232669869595,0.13636363636363635,0.1791044776119403,0.11009174311926606,0.13303769401330376,0.08130081300813008,0.36585365853658536,0.17043478260869566,0.1136890951276102,0.3402777777777778,0.8391699092088197,0.9482169027845627,0.7526172935246219,109,82,144,2579
1415,5621,0.4212718519905,0.35330931674839805,0.6879846819964928,0.6271126134139833,0.30462184873949577,0.25217391304347825,0.38461538461538464,0.14683153013910355,0.08928571428571429,0.41304347826086957,0.17443249701314217,0.15766738660907129,0.19518716577540107,0.7873513911018507,0.9127593066211992,0.6922413793103448,377,230,374,4640
1419,3555,0.42291713546464904,0.3665083174987182,0.7376599052212198,0.6897327707454289,0.3225806451612903,0.2702702702702703,0.4,0.14971209213051823,0.09848484848484848,0.312,0.16129032258064516,0.1271186440677966,0.22058823529411764,0.8324502101224192,0.9215210355987055,0.7590803065644786,225,125,204,3001
1421,3449,0.3875889029064547,0.33913098332463587,0.6691031780232382,0.6106117715279791,0.28005657708628007,0.2185430463576159,0.38976377952755903,0.10214168039538715,0.06652360515021459,0.2198581560283688,0.19938650306748465,0.16209476309226933,0.2589641434262948,0.7749391727493917,0.8976045091592297,0.6817695326435962,254,141,251,2803
1427,2124,0.4080718661351497,0.36575335460868164,0.7065149881672154,0.655367231638418,0.32558139534883723,0.3712121212121212,0.28994082840236685,0.15416666666666667,0.09660574412532637,0.38144329896907214,0.17197452229299362,0.13917525773195877,0.225,0.811290834126229,0.903886925795053,0.7359033371691599,169,97,120,1738
1430,2302,0.38348998782319754,0.26437386441503274,0.4880417245693503,0.40139009556907035,0.2559241706161137,0.16927899686520376,0.5242718446601942,0.1060419235511714,0.05939226519337017,0.4942528735632184,0.12582781456953643,0.16521739130434782,0.10160427807486631,0.5697015489233094,0.9139393939393939,0.4138309549945115,206,87,187,1822
1435,2779,0.3881760606620037,0.3187753328179964,0.6158158166776262,0.5379632961496942,0.2785185185185185,0.21266968325791855,0.4034334763948498,0.11797752808988764,0.07058823529411765,0.358974358974359,0.16,0.1342281879194631,0.19801980198019803,0.7186052846635794,0.9134349030470914,0.592276605298608,233,117,202,2227
1438,1041,0.39929085177516643,0.30961026122067015,0.5383319604625045,0.4678194044188281,0.3372093023255814,0.2457627118644068,0.5370370370370371,0.17567567567567569,0.1087866108786611,0.45614035087719296,0.08490566037735849,0.07086614173228346,0.10588235294117647,0.640650406504065,0.89749430523918,0.49810366624525915,108,57,85,791
1439,1414,0.40973224281347653,0.35421000667197045,0.6375294876302878,0.5785007072135785,0.31671554252199413,0.25116279069767444,0.42857142857142855,0.16,0.1044776119402985,0.34146341463414637,0.19130434782608696,0.16666666666666666,0.22448979591836735,0.7488201363398007,0.8936170212765957,0.644404332129964,126,82,98,1108
1440,6613,0.409112850361413,0.3089281193684871,0.5550727042398171,0.46423710872523816,0.3383214053350683,0.27310924369747897,0.4444444444444444,0.12821497120921305,0.07235701906412478,0.5622895622895623,0.12534562211981568,0.11467116357504216,0.13821138211382114,0.6438304788098512,0.9329710144927537,0.491506012597824,585,297,492,5239
1441,8629,0.40015272327322343,0.3355482309807844,0.7139799103379791,0.6451500753273844,0.25162689804772237,0.26244343891402716,0.24166666666666667,0.1367335865436788,0.08213820078226858,0.4077669902912621,0.14944769330734242,0.10767790262172285,0.24416135881104034,0.804384746024394,0.9328558639212176,0.7070158773239246,480,309,471,7369
1442,2480,0.41694560727739943,0.3437379528566363,0.7046571617564323,0.6487903225806452,0.291970802919708,0.2077922077922078,0.49079754601226994,0.1399548532731377,0.08882521489971347,0.32978723404255317,0.13592233009708737,0.14093959731543623,0.13125,0.807103825136612,0.9248591108328115,0.7159476490547746,163,94,160,2063
1443,1942,0.3873174882629108,0.31302916374300227,0.6467906972501898,0.5695159629248198,0.18548387096774194,0.18699186991869918,0.184,0.13005272407732865,0.07489878542510121,0.49333333333333335,0.18888888888888888,0.1559633027522936,0.23943661971830985,0.7476911710380495,0.9141824751580849,0.6325,125,75,142,1600
1444,1215,0.4436072698017027,0.30003630972361006,0.5464074816797108,0.44938271604938274,0.291970802919708,0.2094240837696335,0.4819277108433735,0.13921113689095127,0.07957559681697612,0.5555555555555556,0.15584415584415584,0.10714285714285714,0.2857142857142857,0.6131191432396251,0.9561586638830898,0.45123152709359604,83,54,63,1015
1445,1224,0.3703593744477494,0.2948756483448612,0.6398635665169367,0.5751633986928104,0.2608695652173913,0.16666666666666666,0.6,0.04395604395604396,0.06060606060606061,0.034482758620689655,0.1285140562248996,0.09142857142857143,0.21621621621621623,0.7461629279811098,0.9132947976878613,0.6307385229540918,90,58,74,1002
1446,1510,0.35790198984732235,0.28473100772409254,0.6087591155404514,0.5172185430463576,0.16326530612244897,0.1935483870967742,0.1411764705882353,0.1134020618556701,0.06790123456790123,0.34375,0.16481069042316257,0.1048158640226629,0.3854166666666667,0.6974459724950884,0.920881971465629,0.5612648221343873,85,64,96,1265
1447,1162,0.39994735872769444,0.30144552502768673,0.5014246035745673,0.41308089500860584,0.29596412556053814,0.3,0.2920353982300885,0.11848341232227488,0.06775067750677506,0.4716981132075472,0.2132564841498559,0.14396887159533073,0.4111111111111111,0.5780780780780781,0.903755868544601,0.4249448123620309,113,53,90,906
1452,2532,0.410407322650217,0.33008976133987455,0.6314402834475212,0.5624012638230648,0.2790091264667536,0.1903914590747331,0.5219512195121951,0.13584905660377358,0.08490566037735849,0.33962264150943394,0.16753926701570682,0.17204301075268819,0.16326530612244897,0.7379615952732644,0.9183823529411764,0.6167901234567901,205,106,196,2025
1460,2028,0.44363686071943786,0.34798837782568837,0.5729284782247908,0.5019723865877712,0.37894736842105264,0.2923433874709977,0.5384615384615384,0.14925373134328357,0.08908685968819599,0.45977011494252873,0.19626168224299065,0.16153846153846155,0.25,0.6674907292954264,0.9121621621621622,0.5263157894736842,234,87,168,1539
1461,1952,0.38066812450874177,0.3130632640421803,0.6051237592555001,0.5327868852459017,0.29069767441860467,0.21676300578034682,0.4411764705882353,0.12106537530266344,0.07507507507507508,0.3125,0.13333333333333333,0.10483870967741936,0.18309859154929578,0.7071566731141199,0.8917073170731707,0.5858974358974359,170,80,142,1560
1462,3093,0.37604674938392374,0.3101032904475839,0.5374601054603518,0.4626576139670223,0.3585434173669468,0.27157001414427157,0.5274725274725275,0.10953346855983773,0.06537530266343826,0.3375,0.13592233009708737,0.12773722627737227,0.14522821576763487,0.6364139457664637,0.8942457231726283,0.49398625429553267,364,160,241,2328
1463,7613,0.3897690479378766,0.33177823086247865,0.6339073802658063,0.5645606199921187,0.29344558027660855,0.23597678916827852,0.38791732909379967,0.12716763005780346,0.07942238267148015,0.3188405797101449,0.1646143875567077,0.13025641025641024,0.22359154929577466,0.7418853255587949,0.90471675752548,0.6287267336517872,629,345,568,6071
1465,2334,0.4045096079257192,0.3094630672567218,0.570213625228451,0.493573264781491,0.27873563218390807,0.20905172413793102,0.41810344827586204,0.16798732171156894,0.10037878787878787,0.5145631067961165,0.1187214611872146,0.09774436090225563,0.1511627906976744,0.6724078539441957,0.9070631970260223,0.5342090859332239,232,103,172,1827
1466,2057,0.4325432319618366,0.3440812172342017,0.647893139194117,0.574623237724842,0.32774674115456237,0.2410958904109589,0.5116279069767442,0.13793103448275862,0.08695652173913043,0.3333333333333333,0.16908212560386474,0.12323943661971831,0.2692307692307692,0.741564967695621,0.9314697926059513,0.6159809183064997,172,78,130,1677
1470,3484,0.4133799880594262,0.3499931862049103,0.6735445034329357,0.6153846153846154,0.3436426116838488,0.26737967914438504,0.4807692307692308,0.14035087719298245,0.08905380333951762,0.3310344827586207,0.1390593047034765,0.12099644128113879,0.16346153846153846,0.7769199512393336,0.9091773656680932,0.678254700248315,312,145,208,2819
1471,2903,0.42068449197092783,0.3390117887308082,0.6474908564267482,0.5759559076817086,0.31407407407407406,0.2345132743362832,0.47533632286995514,0.12956810631229235,0.07942973523421588,0.35135135135135137,0.16911764705882354,0.13333333333333333,0.23115577889447236,0.7432873274780427,0.9170278637770898,0.6248945147679325,223,111,199,2370
1472,2435,0.37088102801787853,0.32096378582646895,0.641630009400282,0.5724845995893224,0.2840690978886756,0.22023809523809523,0.4,0.0970873786407767,0.061274509803921566,0.2336448598130841,0.1561822125813449,0.12371134020618557,0.21176470588235294,0.7465164541950786,0.8992857142857142,0.638114546376077,185,107,170,1973
1473,2048,0.38595270241754653,0.3214909440529923,0.5672565922980044,0.4833984375,0.3691683569979716,0.3116438356164384,0.4527363184079602,0.12612612612612611,0.07829977628635347,0.32407407407407407,0.13011152416356878,0.08816120906801007,0.24822695035460993,0.6605577689243027,0.9089912280701754,0.518773466833542,201,108,141,1598
1480,123568,0.42586564733893506,0.35749724453117016,0.6088715816091392,0.5494545513401528,0.4332097717833058,0.32016371257880316,0.6696582671729375,0.12108370962139632,0.07689932056825201,0.28461789679947747,0.15229067930489731,0.15071919949968732,0.15389527458492977,0.723404817415081,0.9217834780852353,0.5952911507983956,14485,6124,10962,91997
1481,14695,0.4170618431750437,0.36210660399765354,0.6977075370483563,0.6411704661449472,0.35255474452554747,0.2904389657245941,0.44846796657381616,0.11687306501547988,0.07358674463937621,0.28383458646616544,0.17719680464778503,0.14672279013830428,0.2236480293308891,0.8018018018018018,0.9170333798432972,0.7122967903293039,1077,532,1091,11995
1482,9806,0.4090227902858193,0.327731470229349,0.6742256599293495,0.5946359371813176,0.24486571879936808,0.2207977207977208,0.274822695035461,0.12167952013710369,0.07071713147410359,0.43558282208588955,0.18045112781954886,0.13353115727002968,0.2782071097372488,0.7639295141613754,0.9314544189283229,0.6474785342846777,564,326,647,8269
1484,3234,0.40186336748419077,0.3547543757931824,0.6638805881830402,0.6125541125541125,0.34759358288770054,0.2765957446808511,0.4676258992805755,0.1272430668841762,0.08405172413793104,0.26174496644295303,0.16382252559726962,0.14634146341463414,0.18604651162790697,0.7803583278035833,0.8945233265720081,0.6920360925853276,278,149,258,2549
1485,12094,0.4082718555997139,0.3406394563730545,0.6169653337545847,0.5441541260128989,0.3447368421052632,0.2595344229816741,0.5132223310479922,0.11339130434782609,0.07077724706904039,0.28496503496503495,0.18301158301158302,0.1477556109725686,0.24036511156186613,0.7214180960275457,0.9171530479896238,0.5945349448239622,1021,572,986,9515
1486,2677,0.4513544941660555,0.38418102455014674,0.609774360173791,0.5438924168845722,0.398406374501992,0.3826530612244898,0.4155124653739612,0.15889029003783103,0.0958904109589041,0.4632352941176471,0.26151012891344383,0.21646341463414634,0.3302325581395349,0.7179173047473201,0.9015384615384615,0.5964376590330789,361,136,215,1965
1487,8512,0.4025302294211965,0.3299196724723734,0.6035911522108968,0.5164473684210527,0.2995720399429387,0.3265940902021773,0.2766798418972332,0.12111184645929848,0.06864216054013503,0.5140449438202247,0.1956135151155898,0.1608187134502924,0.24962178517397882,0.7033812883716668,0.9188412736413694,0.5697743467933492,759,356,661,6736
1488,12672,0.41174128614543715,0.34232392498960595,0.6100223541378633,0.5330650252525253,0.32035218421943784,0.2651345291479821,0.40461933276304535,0.1287159056083359,0.07815407517677707,0.3645833333333333,0.2047713717693837,0.15701219512195122,0.29428571428571426,0.7154562383612663,0.9245948981228943,0.5834767641996558,1169,576,1050,9877
1489,8868,0.42284206646104405,0.3555428638541312,0.6951155212812805,0.6349797023004059,0.3210161662817552,0.23944875107665806,0.4868651488616462,0.11118737131091283,0.07111501316944688,0.25471698113207547,0.19584569732937684,0.15988372093023256,0.25267993874425726,0.7941222204944799,0.922507225433526,0.6971061971061971,571,318,653,7326
1490,23890,0.41858351104180036,0.34804805108715103,0.5915146446720911,0.5150690665550439,0.36306574165840766,0.298236092265943,0.46390882228788516,0.12060135470014868,0.07408159123198702,0.3241563055062167,0.2164899509416047,0.16052569819291246,0.3323615160349854,0.6920351570484431,0.9219388218208223,0.5539074003381141,2369,1126,2058,18337
1491,5321,0.4140863560801942,0.3439802091958645,0.6335758962962614,0.5549708701371923,0.3562152133580705,0.3086816720257235,0.42105263157894735,0.11712379540400296,0.06942003514938488,0.3744075829383886,0.17253521126760563,0.1301460823373174,0.2558746736292428,0.7300466167537788,0.9202279202279202,0.6050105361741981,456,211,383,4271
1492,2712,0.37841741794303474,0.2755871807956283,0.46309804831172074,0.37647492625368734,0.2828854314002829,0.21551724137931033,0.411522633744856,0.14453125,0.08505747126436781,0.4805194805194805,0.1360544217687075,0.09433962264150944,0.24390243902439024,0.5388776200135227,0.9398584905660378,0.37772511848341234,243,154,205,2110
1493,5438,0.4001605460309874,0.30769461851630914,0.5690795040003046,0.48032364840014713,0.29193548387096774,0.2248447204968944,0.4160919540229885,0.1264138389886893,0.07480314960629922,0.40772532188841204,0.15557217651458488,0.10970464135021098,0.26735218508997427,0.6568569746909947,0.924223602484472,0.5094727231225747,435,233,389,4381
1494,8856,0.41221410911482703,0.34437692098964845,0.6931840759179246,0.6262420957542909,0.2624113475177305,0.2890625,0.24025974025974026,0.13961312026913372,0.08129285014691479,0.49404761904761907,0.18408736349453977,0.15796519410977242,0.2205607476635514,0.7913958526771897,0.9206120612061206,0.6939883294883974,616,336,535,7369
1495,4055,0.4213533875039467,0.33451838572968284,0.597770226083807,0.5139334155363748,0.26461538461538464,0.2925170068027211,0.24157303370786518,0.15169366715758467,0.0885640584694755,0.5282051282051282,0.22311557788944725,0.16228070175438597,0.35691318327974275,0.6986489132563148,0.9320794148380356,0.5587222048230505,356,195,311,3193
1496,12246,0.4114940602601419,0.3132529111516454,0.5732140369714227,0.4799934672546137,0.32443879711986445,0.2820324005891016,0.3818544366899302,0.13070378963650425,0.07312851579402856,0.6145454545454545,0.1368421052631579,0.1362048894062864,0.13748531139835488,0.6610269525870549,0.9321250231181801,0.5120910384068279,1003,550,851,9842
1497,1981,0.3947039805096957,0.3265387462252805,0.6897598651869864,0.6375567895002524,0.23728813559322035,0.1701388888888889,0.392,0.15126050420168066,0.09540636042402827,0.36486486486486486,0.12195121951219512,0.13761467889908258,0.10948905109489052,0.7956551255940258,0.9008455034588778,0.7124620060790273,125,74,137,1645
1498,2897,0.408514531693013,0.32317814307951964,0.6397463687248489,0.5626510182947877,0.27228525121555913,0.2048780487804878,0.4057971014492754,0.12876712328767123,0.07568438003220612,0.43119266055045874,0.15513626834381553,0.13503649635036497,0.18226600985221675,0.7365239294710327,0.9183417085427136,0.6148023549201009,207,109,203,2378
1499,6959,0.39367356903789136,0.3318321497218629,0.6494803737394618,0.5783876993820951,0.3111111111111111,0.2485207100591716,0.4158415841584158,0.10471204188481675,0.06422018348623854,0.2834008097165992,0.16103522645578722,0.12160694896851248,0.23829787234042554,0.7504702194357367,0.9128113879003559,0.6371540099361249,606,247,470,5636
1715,2567,0.39421774924413777,0.3275038957427361,0.64353019481594,0.5734320218153487,0.2450229709035222,0.16771488469601678,0.45454545454545453,0.10945273631840796,0.07665505226480836,0.19130434782608696,0.20654044750430292,0.15748031496062992,0.3,0.7489994282447112,0.9212376933895922,0.6310211946050096,176,115,200,2076
1730,1612,0.41530513876672454,0.33629987136555334,0.4856431347320144,0.4392059553349876,0.4654226125137212,0.34868421052631576,0.6996699669966997,0.14705882352941177,0.08888888888888889,0.425531914893617,0.17525773195876287,0.26153846153846155,0.13178294573643412,0.5574603174603174,0.8977505112474438,0.40423572744014735,303,94,129,1086
1737,2590,0.3844101381187811,0.2875282577329998,0.4858657772067231,0.4115830115830116,0.2688465031789282,0.18523153942428036,0.4900662251655629,0.15571776155717762,0.09315866084425037,0.4740740740740741,0.1514360313315927,0.14948453608247422,0.15343915343915343,0.5741127348643006,0.9065934065934066,0.420061099796334,302,135,189,1964
1760,923,0.3597344354632173,0.30542615073749435,0.5727676262708783,0.49079089924160346,0.2803738317757009,0.22388059701492538,0.375,0.08368200836820083,0.05181347150259067,0.21739130434782608,0.18584070796460178,0.13291139240506328,0.3088235294117647,0.6718080548414739,0.8949771689497716,0.5377229080932785,80,46,68,729
1761,3369,0.42305260185809956,0.3598437966121773,0.746516968729803,0.6898189373701396,0.31862745098039214,0.2631578947368421,0.40372670807453415,0.10810810810810811,0.0671462829736211,0.27722772277227725,0.1827956989247312,0.1401098901098901,0.26288659793814434,0.8298439284354777,0.9312259718069201,0.7483693786474425,161,101,194,2913
1762,782,0.37842773556512843,0.27288938772598453,0.4335060360488774,0.3516624040920716,0.33183856502242154,0.2740740740740741,0.42045454545454547,0.13973799126637554,0.08376963350785341,0.42105263157894735,0.1254355400696864,0.07725321888412018,0.3333333333333333,0.49454545454545457,0.9147982062780269,0.3388704318936877,88,38,54,602
1763,2468,0.3797358314643784,0.32380847292550513,0.6616080540249729,0.5972447325769854,0.1951219512195122,0.3870967741935484,0.13043478260869565,0.1393258426966292,0.09090909090909091,0.2980769230769231,0.18983957219251338,0.1226252158894646,0.42011834319526625,0.7709465255933657,0.9071332436069987,0.6703132769766286,184,104,169,2011
1764,1940,0.37513507287652875,0.298974358974359,0.6133832936822629,0.540721649484536,0.31666666666666665,0.2620689655172414,0.4,0.11,0.0625,0.4583333333333333,0.05,0.0684931506849315,0.03937007874015748,0.7192307692307692,0.8913250714966635,0.6028368794326241,190,72,127,1551
1765,1952,0.3712374713899844,0.2956326020916418,0.47187285307175847,0.39600409836065575,0.37551020408163266,0.30131004366812225,0.4981949458483754,0.11971830985915492,0.0728051391862955,0.33663366336633666,0.1366906474820144,0.09336609336609336,0.2550335570469799,0.5506112469437653,0.9080645161290323,0.3950877192982456,277,101,149,1425
1766,2975,0.4223665562712598,0.3180773295605763,0.5894790647488488,0.508235294117647,0.25371120107962214,0.18359375,0.4104803493449782,0.15423514538558786,0.09172932330827067,0.48412698412698413,0.18430034129692832,0.1447721179624665,0.2535211267605634,0.680062630480167,0.9143859649122807,0.5413377648525135,229,126,213,2407
1780,20823,0.4134836342626228,0.3444116672653832,0.6475473420212688,0.5732123133074005,0.3020527859237537,0.26115618661257606,0.3581363004172462,0.13190054782975136,0.08062854198866563,0.36226851851851855,0.1964320721427171,0.1448395490026019,0.305115712545676,0.7472612631653105,0.9215464813205908,0.6284140055690502,1438,864,1642,16879
1781,5350,0.3806906688114057,0.29866139614834764,0.581991461945382,0.4947663551401869,0.25968436154949787,0.19052631578947368,0.40765765765765766,0.11910994764397906,0.06962509563886764,0.4117647058823529,0.13229571984435798,0.11147540983606558,0.16267942583732056,0.6835555555555556,0.9291180024164317,0.5406608858682915,444,221,418,4267
1782,2287,0.40790356649816667,0.32331830170331366,0.5337296562859951,0.4595540008745081,0.277602523659306,0.2391304347826087,0.3308270676691729,0.1543026706231454,0.09403254972875226,0.4297520661157025,0.2292358803986711,0.16389548693586697,0.3812154696132597,0.6321321321321322,0.891005291005291,0.4898196625945317,266,121,181,1719
1783,2589,0.38954760766794877,0.2949735140560783,0.4908057839271209,0.41444573194283507,0.32051282051282054,0.228310502283105,0.5376344086021505,0.12224938875305623,0.07267441860465117,0.38461538461538464,0.16570327552986513,0.13395638629283488,0.21717171717171718,0.5714285714285714,0.8992416034669556,0.41876892028254287,279,130,198,1982
1784,5714,0.38890670575512176,0.32067779532138285,0.5773254280966501,0.4952747637381869,0.32119914346895073,0.2717391304347826,0.39267015706806285,0.13109243697478992,0.07810413885180241,0.4076655052264808,0.15148936170212765,0.11695137976346912,0.21497584541062803,0.6789302391396632,0.9132089836315188,0.5403153153153153,573,287,414,4440
1785,3373,0.40737202656714333,0.31204564014208036,0.5404347650502865,0.45745627038244885,0.3264367816091954,0.2563176895306859,0.44936708860759494,0.14779116465863454,0.08622305529522024,0.5168539325842697,0.1456953642384106,0.12054794520547946,0.18410041841004185,0.6282592500620809,0.9120403749098774,0.4791666666666667,316,178,239,2640
1814,1648,0.37132589126482485,0.2902425454396965,0.6480431863632881,0.5661407766990292,0.13333333333333333,0.1506849315068493,0.11956521739130435,0.11946050096339114,0.06739130434782609,0.5254237288135594,0.16923076923076924,0.13836477987421383,0.21782178217821782,0.7389455782312925,0.9089958158995816,0.6224928366762178,92,59,101,1396
1860,1258,0.3814382067154654,0.31816600066600065,0.6052965105906282,0.5357710651828299,0.21153846153846154,0.24444444444444444,0.1864406779661017,0.18285714285714286,0.11428571428571428,0.45714285714285713,0.15584415584415584,0.1085972850678733,0.27586206896551724,0.7224242424242424,0.8935532233883059,0.6063072227873856,118,70,87,983
1861,3406,0.3680543772269662,0.3157912246074007,0.6225582012586286,0.5528479154433353,0.28004410143329656,0.2015873015873016,0.4584837545126354,0.08066759388038942,0.04982817869415808,0.2116788321167883,0.1702127659574468,0.15853658536585366,0.18374558303886926,0.73224043715847,0.897642015005359,0.6183093392395718,277,137,283,2709
1862,2144,0.40235379942768834,0.31299066576126433,0.5518857392917673,0.46828358208955223,0.3185483870967742,0.2581699346405229,0.41578947368421054,0.13670133729569092,0.0798611111111111,0.4742268041237113,0.15204678362573099,0.11641791044776119,0.21910112359550563,0.6446661550268611,0.9061488673139159,0.5002977963073257,190,97,178,1679
1863,1516,0.3890033811148251,0.30245672684765945,0.48263854454374994,0.4076517150395778,0.31381733021077285,0.2637795275590551,0.3872832369942196,0.15019762845849802,0.08941176470588236,0.4691358024691358,0.17592592592592593,0.1288135593220339,0.2773722627737226,0.5698860227954409,0.8763837638376384,0.4222222222222222,173,81,137,1125
1864,1060,0.3994790776247066,0.35196956301215565,0.5905662869442062,0.539622641509434,0.37433155080213903,0.2892561983471074,0.5303030303030303,0.13636363636363635,0.10526315789473684,0.1935483870967742,0.1889763779527559,0.1437125748502994,0.27586206896551724,0.7082066869300911,0.8677839851024208,0.5982028241335045,132,62,87,779
1880,32876,0.4167191797327356,0.3377355457478072,0.5988286431883475,0.5120756783063634,0.34017871139677064,0.3000553097345133,0.3926891060441549,0.12263464337700146,0.07045050695097732,0.4729824561403509,0.19350159559036845,0.15918854415274464,0.2466715976331361,0.694627232627088,0.9294330129652325,0.5545335591133005,2763,1425,2704,25984
1881,4690,0.38183026688080846,0.3173970383604049,0.6213947789753294,0.5415778251599147,0.24639289678135406,0.19786096256684493,0.3264705882352941,0.13468013468013468,0.08038585209003216,0.4149377593360996,0.16371077762619374,0.14563106796116504,0.18691588785046728,0.724804344353937,0.9175090982612212,0.5989968321013728,340,241,321,3788
1882,2457,0.3831833600572565,0.3224810485705918,0.6402730340371103,0.5722425722425722,0.250996015936255,0.2012779552715655,0.3333333333333333,0.11900826446280992,0.07086614173228346,0.3711340206185567,0.17525773195876287,0.16346153846153846,0.18888888888888888,0.7446621819245394,0.8914565826330533,0.6393771973882472,189,97,180,1991
1883,6313,0.3946423118400705,0.329497370299578,0.606931975701777,0.5335022968477744,0.3068712474983322,0.24083769633507854,0.4227941176470588,0.11951588502269289,0.07552581261950286,0.286231884057971,0.18147684605757197,0.13314967860422405,0.28487229862475444,0.7101255026197149,0.9041265901334161,0.5846709470304976,544,276,509,4984
1884,2276,0.3947678233218507,0.3117636514927624,0.5689368070293258,0.4850615114235501,0.31351351351351353,0.2430167597765363,0.4416243654822335,0.1288981288981289,0.08401084010840108,0.2767857142857143,0.14871016691957512,0.0945945945945946,0.3475177304964539,0.655932796639832,0.9088263821532493,0.5131434830230011,197,112,141,1826
1885,5144,0.41131799023242505,0.326236959295965,0.5535952627038427,0.46753499222395023,0.31369150779896016,0.27177177177177175,0.3709016393442623,0.11576354679802955,0.06743185078909612,0.40869565217391307,0.23265895953757226,0.16911764705882354,0.3726851851851852,0.642833823049298,0.9235459662288931,0.49298948422633954,488,230,432,3994
1904,999,0.41883360875416487,0.3203603370969845,0.5536680455025159,0.4754754754754755,0.2880658436213992,0.23648648648648649,0.3684210526315789,0.17464788732394365,0.10264900662251655,0.5849056603773585,0.1702127659574468,0.14035087719298245,0.21621621621621623,0.6485148514851485,0.903448275862069,0.5057915057915058,95,53,74,777
1907,2225,0.3830941407199755,0.3168148209854935,0.5620269981249219,0.4939325842696629,0.3080684596577017,0.21612349914236706,0.5361702127659574,0.10187667560321716,0.07307692307692308,0.168141592920354,0.1906474820143885,0.1402116402116402,0.29775280898876405,0.6666666666666666,0.897410358565737,0.5303119482048264,235,113,178,1699
1960,1801,0.4184577426676287,0.3350251755280149,0.6041221960119473,0.5252637423653526,0.33617021276595743,0.27335640138408307,0.43646408839779005,0.1396508728179551,0.08459214501510574,0.4,0.16143497757847533,0.11501597444089456,0.2706766917293233,0.7028446389496718,0.9251152073732719,0.5666901905434015,181,70,133,1417
1961,3481,0.38268285487536824,0.3042066700880015,0.5195041153838724,0.444412525136455,0.33194328607172646,0.23803827751196172,0.5482093663911846,0.11677018633540373,0.0752,0.2611111111111111,0.15644820295983086,0.11212121212121212,0.25874125874125875,0.6116650049850448,0.9022058823529412,0.4626696832579186,363,180,286,2652
1962,1245,0.381050275464747,0.328546172299622,0.619984467782356,0.5606425702811245,0.2880886426592798,0.21138211382113822,0.45217391304347826,0.13432835820895522,0.08780487804878048,0.2857142857142857,0.14678899082568808,0.14545454545454545,0.14814814814814814,0.7449786975045648,0.8947368421052632,0.6381647549530761,115,63,108,959
1980,32650,0.4150588129080429,0.3431605928460074,0.5876121436400379,0.5111791730474732,0.3559581525899464,0.2974413646055437,0.443138500635324,0.13776924717423758,0.08290554414784394,0.4073139974779319,0.18726114649681527,0.1484248788368336,0.2536231884057971,0.6916538251230303,0.9144321766561514,0.5561595651131186,3148,1586,2898,25018
1981,4831,0.39645181742923974,0.29477589332715703,0.5283858126440639,0.43448561374456635,0.27654867256637167,0.23452157598499063,0.33692722371967654,0.13816534541336353,0.07958251793868232,0.5236051502145923,0.15484922575387122,0.1082004555808656,0.2722063037249284,0.6095403295750217,0.9311075781664017,0.45306859205776173,371,233,349,3878
1982,2855,0.38752277994812845,0.3046127566913336,0.496912187234589,0.42591943957968476,0.3588850174216028,0.2571785268414482,0.5936599423631124,0.10854816824966079,0.06622516556291391,0.3007518796992481,0.16573033707865167,0.13140311804008908,0.22433460076045628,0.5852875040154192,0.9100899100899101,0.43134469696969696,347,133,263,2112
1983,5635,0.38134481367904205,0.3138816401191409,0.5476910069800717,0.4699201419698314,0.31949685534591193,0.24950884086444008,0.44405594405594406,0.13554817275747508,0.08436724565756824,0.34459459459459457,0.14874915483434753,0.11055276381909548,0.22727272727272727,0.6517323775388292,0.904268545379196,0.5094559887929022,572,296,484,4283
1984,3108,0.39017599271839,0.3432399319083223,0.6456843727600801,0.5891248391248392,0.313953488372093,0.2727272727272727,0.3698630136986301,0.12924071082390953,0.0814663951120163,0.3125,0.167192429022082,0.1394736842105263,0.20866141732283464,0.7625730994152047,0.8853883758826725,0.6696795398520953,292,128,254,2434
2021,1460,0.39356763925729443,0.2755944494542806,0.49964025182741684,0.3993150684931507,0.2099125364431487,0.16143497757847533,0.3,0.10762331838565023,0.05853658536585366,0.6666666666666666,0.20853080568720378,0.23157894736842105,0.1896551724137931,0.5763111373011196,0.9278937381404174,0.41794871794871796,120,54,116,1170
2023,2226,0.4253254626602245,0.2989133398284423,0.497233575570524,0.4088050314465409,0.28254847645429365,0.3128834355828221,0.25757575757575757,0.1714898177920686,0.09876543209876543,0.6504065040650406,0.17275747508305647,0.11158798283261803,0.38235294117647056,0.5688575899843505,0.9237611181702668,0.4109666478236292,198,123,136,1769
2026,2164,0.3889268640808151,0.31921664998020427,0.6399140727201428,0.5628465804066544,0.2564102564102564,0.24096385542168675,0.273972602739726,0.12341197822141561,0.07203389830508475,0.43037974683544306,0.15879828326180256,0.12171052631578948,0.22839506172839505,0.7382460820273424,0.9058919803600655,0.6229600450196962,146,79,162,1777
2029,3462,0.4142421545044308,0.3383589760043495,0.6572886528278569,0.5892547660311959,0.28321678321678323,0.23142857142857143,0.36486486486486486,0.16934306569343066,0.10642201834862386,0.4142857142857143,0.14652956298200515,0.10714285714285714,0.23170731707317074,0.754346492125179,0.9061425061425061,0.6461107217939733,222,140,246,2854
2031,2482,0.4415166497346371,0.3242502103218462,0.5392418750311545,0.44963738920225627,0.3271889400921659,0.30603448275862066,0.35148514851485146,0.11878787878787879,0.06703146374829001,0.5212765957446809,0.23978201634877383,0.16541353383458646,0.43564356435643564,0.6112420060585662,0.9199594731509625,0.4576612903225806,202,94,202,1984
2034,1520,0.3750045671904533,0.3012485365908434,0.5597741834321498,0.4743421052631579,0.2616822429906542,0.22459893048128343,0.31343283582089554,0.12392426850258176,0.07072691552062868,0.5,0.15873015873015872,0.15384615384615385,0.16393442622950818,0.6606574761399788,0.8976945244956772,0.5226510067114094,134,72,122,1192
2039,1563,0.37082749652582053,0.31050238592524704,0.5993459039320854,0.5233525271912988,0.2621082621082621,0.2081447963800905,0.35384615384615387,0.10888252148997135,0.06810035842293907,0.2714285714285714,0.17174515235457063,0.12350597609561753,0.2818181818181818,0.699273607748184,0.8891625615763546,0.5762170790103751,130,70,110,1253
2061,2510,0.36908881586300946,0.3258136758601968,0.650304709362039,0.5948207171314741,0.1865079365079365,0.14779874213836477,0.25268817204301075,0.1452513966480447,0.1111111111111111,0.20967741935483872,0.20655737704918034,0.14823529411764705,0.34054054054054056,0.7649379932356257,0.8851924331376386,0.6734491315136476,186,124,185,2015
2062,4552,0.4231473952145922,0.3005142544765389,0.5163565662431254,0.4279437609841828,0.2799616490891659,0.22565687789799072,0.3686868686868687,0.1546554445028932,0.08739595719381689,0.6712328767123288,0.16914285714285715,0.14068441064638784,0.21203438395415472,0.5982970671712393,0.9316440777843252,0.4406354515050167,396,219,349,3588
2080,12798,0.41778841734182254,0.3258235649952119,0.6063023085885332,0.5173464603844351,0.2895562528014343,0.24675324675324675,0.35032537960954446,0.12975495915986,0.07417289220917823,0.5176908752327747,0.18752547900529964,0.15121630506245892,0.24678111587982832,0.6964575690142539,0.9308681672025724,0.5563562986451427,922,537,932,10407
2081,10971,0.41954040253085695,0.3433713923906893,0.582016046281617,0.49794913863822804,0.32167832167832167,0.29436860068259385,0.3545734840698869,0.11684782608695653,0.06689483509645301,0.4613733905579399,0.2570462232243517,0.2129514321295143,0.3241706161137441,0.6779131985731273,0.9160473990761197,0.5380441193818568,973,466,1055,8477
2082,2486,0.37326797230042363,0.2931033259978611,0.6000825976933198,0.5185036202735318,0.18636363636363637,0.15073529411764705,0.24404761904761904,0.1553398058252427,0.0912981455064194,0.5203252032520326,0.13164556962025317,0.11255411255411256,0.15853658536585366,0.6990642921823121,0.9032761310452418,0.5701624815361891,168,123,164,2031
2083,3274,0.38795396909102153,0.30854304289130496,0.5209190441239948,0.4389126450824679,0.293491124260355,0.24603174603174602,0.36363636363636365,0.12791702679343128,0.07414829659318638,0.46540880503144655,0.1956241956241956,0.15966386554621848,0.25249169435215946,0.617139824887238,0.8973765432098766,0.4702790133441165,341,159,301,2473
2084,5167,0.3933525237852515,0.3124554188785863,0.5746426273855191,0.5022256628604607,0.3068181818181818,0.21634615384615385,0.52734375,0.12285714285714286,0.07337883959044368,0.37719298245614036,0.1371280724450194,0.15868263473053892,0.12072892938496584,0.683018278394001,0.9059262329050974,0.5481444332998997,512,228,439,3988
2085,5624,0.40971867569198495,0.3106623255457551,0.507746393999085,0.422475106685633,0.2673076923076923,0.27524752475247527,0.25981308411214954,0.13706041478809738,0.0783101494075219,0.5487364620938628,0.2457002457002457,0.17889087656529518,0.39215686274509803,0.5925809493869852,0.9150485436893204,0.43816829381682937,535,277,510,4302
2101,1321,0.358631993006993,0.27112378054089636,0.4923753580267089,0.40423921271763813,0.2188449848024316,0.1722488038277512,0.3,0.07766990291262135,0.047244094488188976,0.21818181818181817,0.21370967741935484,0.1358974358974359,0.5,0.5742705570291777,0.9252136752136753,0.41634615384615387,120,55,106,1040
2104,2122,0.3708571459913246,0.26570169447438097,0.46544067736324496,0.3784165881244109,0.19831223628691982,0.188,0.20982142857142858,0.13704994192799072,0.07712418300653595,0.6145833333333334,0.1692047377326565,0.12626262626262627,0.2564102564102564,0.5582398619499569,0.909985935302391,0.40261356565028,224,96,195,1607
2121,2625,0.38270836383030693,0.3242503752194621,0.5988541152563575,0.5302857142857142,0.27877237851662406,0.21165048543689322,0.40823970037453183,0.1254355400696864,0.07912087912087912,0.3025210084033613,0.1825242718446602,0.15112540192926044,0.23039215686274508,0.7102693104468778,0.8928571428571429,0.5896805896805897,267,119,204,2035
2132,2106,0.39379457597993156,0.3096058483688514,0.5247335532371654,0.44491927825261157,0.28187919463087246,0.22764227642276422,0.3700440528634361,0.13298565840938723,0.07646176911544228,0.51,0.20253164556962025,0.1895734597156398,0.21739130434782608,0.6210268948655256,0.8870779976717112,0.47774294670846396,227,100,184,1595
2161,4131,0.3863757831948558,0.3053061640968405,0.5028135329246751,0.4279835390946502,0.272108843537415,0.24561403508771928,0.30501089324618735,0.168944099378882,0.10014727540500737,0.5396825396825397,0.1791044776119403,0.14189189189189189,0.24277456647398843,0.6010672358591249,0.8739913097454997,0.45803513337670787,459,252,346,3074
2180,22008,0.40477542926217547,0.33434111736480693,0.6186668453514672,0.5471192293711378,0.3017821782178218,0.23467816445950107,0.4226289517470882,0.12897463379778493,0.07740137221269297,0.38650963597430404,0.17755147221607262,0.15881188118811881,0.20130522088353414,0.7290561852275484,0.908831662633944,0.6086579084437757,1803,934,1992,17279
2181,8415,0.4152746399105137,0.3495452874499321,0.6027387055230915,0.5316696375519905,0.35038759689922483,0.29894179894179895,0.4232209737827715,0.13266239707227814,0.08051082731815658,0.37662337662337664,0.20645792563600782,0.16458658346333854,0.2769028871391076,0.7086732301922175,0.9001905669366365,0.5843513220967992,801,385,762,6467
2182,5525,0.384573124985272,0.3032052344108655,0.5211833933341625,0.4372850678733032,0.2575452716297787,0.24854368932038834,0.267223382045929,0.13565891472868216,0.08101851851851852,0.4166666666666667,0.20444865120681496,0.13846153846153847,0.39059674502712477,0.6151681000781861,0.9131847725162489,0.46380570620136763,479,252,553,4241
2183,5758,0.40064041694748787,0.3068303622454143,0.5155958673236071,0.43261549149010076,0.29034348671419313,0.22333000997008973,0.4148148148148148,0.1355117731859683,0.07908020190689849,0.47315436241610737,0.2003257328990228,0.16099476439790575,0.2650862068965517,0.601140456182473,0.9071557971014492,0.4495062836624776,540,298,464,4456
2184,8246,0.39064799041323806,0.3086495114055948,0.5512445215991205,0.47295658501091437,0.27629382303839733,0.2079145728643216,0.4116915422885572,0.1471301535974131,0.08826382153249272,0.441747572815534,0.15873015873015872,0.13238289205702647,0.19817073170731708,0.6524439102564102,0.9022160664819945,0.5109821148415438,804,412,656,6374
2260,2105,0.37351667758579304,0.31393914862748395,0.5700001538969465,0.49311163895486937,0.3003533568904594,0.22911051212938005,0.4358974358974359,0.10204081632653061,0.06426735218508997,0.24752475247524752,0.1785063752276867,0.1331521739130435,0.27071823204419887,0.6748560460652591,0.8996929375639714,0.5399262899262899,195,101,181,1628
2262,3652,0.3826069759263133,0.3169324984990962,0.622066151901504,0.552026286966046,0.27204783258594917,0.228643216080402,0.33579335793357934,0.141991341991342,0.08393039918116683,0.4606741573033708,0.11806797853309481,0.12595419847328243,0.1111111111111111,0.7356228408859988,0.8982630272952854,0.622849277357192,271,178,297,2906
2280,5319,0.39601848416449026,0.32508802263833647,0.5938415875000053,0.5179545027260763,0.3086053412462908,0.23556058890147225,0.44731182795698926,0.12379935965848453,0.08044382801664356,0.26851851851851855,0.17352754908169726,0.1209179170344219,0.3071748878923767,0.6944198405668733,0.9109217660728117,0.5610687022900763,465,216,446,4192
2281,21305,0.4139228379383406,0.33367912104719677,0.5969377145303643,0.5155127904247829,0.2960184650894403,0.2848417545807885,0.3081081081081081,0.14130272767923685,0.08230595589512069,0.49894736842105264,0.2023556671172041,0.15627796003578884,0.28696604600219056,0.6950396243029058,0.9114703618167821,0.5616698292220114,1665,950,1826,16864
2282,4050,0.3773713635586125,0.3393831077065945,0.6303174980837392,0.571358024691358,0.3013048635824436,0.26963906581740976,0.34139784946236557,0.11279229711141678,0.07578558225508318,0.22043010752688172,0.19444444444444445,0.14442916093535077,0.29745042492917845,0.7489908256880734,0.8831674599740372,0.6502070723160243,372,186,353,3139
2283,4121,0.39910673456870693,0.30750533839064037,0.5880325164091231,0.5175928172773598,0.2717825739408473,0.19607843137254902,0.4427083333333333,0.14310344827586208,0.08383838383838384,0.48823529411764705,0.11327433628318584,0.1523809523809524,0.09014084507042254,0.7018609950626662,0.8997078870496592,0.5753424657534246,384,170,355,3212
2284,12093,0.4083683331436635,0.32645411457272533,0.6205878990816727,0.5398991151906062,0.2562574493444577,0.2847682119205298,0.23293607800650054,0.14541897619823932,0.08620023192887515,0.46458333333333335,0.185949177877429,0.12719836400817996,0.34555555555555556,0.7181908548707754,0.9165873771011734,0.5903983656792645,923,480,900,9790
2303,1154,0.37917086834733893,0.317207696531667,0.5533179776297692,0.48353552859618715,0.28426395939086296,0.20363636363636364,0.47058823529411764,0.1437908496732026,0.11224489795918367,0.2,0.18037135278514588,0.125,0.3238095238095238,0.6604046242774566,0.8978388998035364,0.5222857142857142,119,55,105,875
2305,1357,0.3690380826603737,0.3077397270371568,0.5345392110648061,0.47236551215917466,0.2975206611570248,0.21686746987951808,0.47368421052631576,0.15915119363395225,0.10273972602739725,0.35294117647058826,0.12295081967213115,0.12,0.12605042016806722,0.651336233685519,0.8618421052631579,0.5234765234765235,152,85,119,1001
2309,3046,0.3929526986730749,0.30848156520952646,0.5556604394434145,0.4645436638214051,0.28,0.3076923076923077,0.25688073394495414,0.13464235624123422,0.0840630472854641,0.3380281690140845,0.180623973727422,0.1107754279959718,0.4888888888888889,0.6386599308694496,0.9238461538461539,0.4880130028443722,218,142,225,2461
2313,2585,0.3632460968063081,0.2936703893900845,0.5145999978266977,0.43945841392649904,0.30014430014430016,0.2639593908629442,0.34782608695652173,0.13565891472868216,0.07838745800671892,0.5035971223021583,0.1201923076923077,0.12376237623762376,0.11682242990654206,0.6186860349950478,0.8549270072992701,0.4847387480600103,299,139,214,1933
2321,2553,0.3801143505251243,0.3018125064609218,0.5901178191020228,0.5045045045045045,0.22121896162528218,0.19291338582677164,0.25925925925925924,0.13838120104438642,0.08116385911179173,0.4690265486725664,0.15692821368948248,0.1172069825436409,0.23737373737373738,0.6907216494845361,0.914859437751004,0.5547978567949342,189,113,198,2053
2326,1539,0.41369905834587845,0.3011414034769905,0.48064762281948176,0.4041585445094217,0.3054892601431981,0.23272727272727273,0.4444444444444444,0.15734265734265734,0.09183673469387756,0.5487804878048781,0.1837837837837838,0.14345991561181434,0.2556390977443609,0.5579499126383226,0.8919925512104283,0.4059322033898305,144,82,133,1180
2361,2318,0.4237543603883566,0.33308599602383826,0.5650854988621798,0.498274374460742,0.34222919937205654,0.28534031413612565,0.42745098039215684,0.1630170316301703,0.09449929478138223,0.5929203539823009,0.14659685863874344,0.18421052631578946,0.12173913043478261,0.6805008944543828,0.8846511627906977,0.5529069767441861,255,113,230,1720
2380,14079,0.40452769789693166,0.3246077230516917,0.6068004254142617,0.5246111229490731,0.2810675562969141,0.26246105919003115,0.30251346499102333,0.14577125830850332,0.08514056224899598,0.5063694267515924,0.16423239208049334,0.12662662662662663,0.23361034164358263,0.707359685520856,0.9173038799207024,0.5756175582015284,1114,628,1083,11254
2401,1620,0.32402321265372963,0.26600386354542416,0.5261462339206708,0.43580246913580245,0.23394495412844038,0.18613138686131386,0.3148148148148148,0.1004566210045662,0.058981233243967826,0.3384615384615385,0.09836065573770492,0.07167235494880546,0.15671641791044777,0.631253223310985,0.9,0.48610007942811756,162,65,134,1259
2403,560,0.41034789110260805,0.2828815995036892,0.4331287148587889,0.36428571428571427,0.23741007194244604,0.14666666666666667,0.6226415094339622,0.14754098360655737,0.09278350515463918,0.36,0.25,0.20481927710843373,0.32075471698113206,0.4965753424657534,0.9354838709677419,0.337995337995338,53,25,53,429
2404,1134,0.35503724402030934,0.28646758958237195,0.47485299204969406,0.3853615520282187,0.3106267029972752,0.24675324675324675,0.41911764705882354,0.07709750566893424,0.04336734693877551,0.3469387755102041,0.20512820512820512,0.1702127659574468,0.25806451612903225,0.5530179445350734,0.9162162162162162,0.39602803738317754,136,49,93,856
2409,1532,0.34601051304023556,0.2531215039286993,0.43731809012616385,0.3472584856396867,0.21390374331550802,0.39215686274509803,0.14705882352941177,0.1147227533460803,0.06622516556291391,0.42857142857142855,0.17231638418079095,0.10627177700348432,0.4552238805970149,0.511543134872418,0.9273127753303965,0.35318791946308725,136,70,134,1192
2417,891,0.3902777777777778,0.2697461503710741,0.4318134620098827,0.35914702581369246,0.33935018050541516,0.2640449438202247,0.47474747474747475,0.14583333333333334,0.08235294117647059,0.6363636363636364,0.08247422680412371,0.07547169811320754,0.09090909090909091,0.511326860841424,0.8876404494382022,0.35909090909090907,99,44,88,660
2418,693,0.37141347683578996,0.29258909050714244,0.47379844116975567,0.40404040404040403,0.24242424242424243,0.16589861751152074,0.45,0.10526315789473684,0.0673076923076923,0.2413793103448276,0.2634146341463415,0.2,0.38571428571428573,0.559254327563249,0.8860759493670886,0.4085603112840467,80,29,70,514
2421,1310,0.3610845180054886,0.30001429964710613,0.5558496475563165,0.5038167938931297,0.29931972789115646,0.1981981981981982,0.6111111111111112,0.04918032786885246,0.06666666666666667,0.03896103896103896,0.17363344051446947,0.13636363636363635,0.23893805309734514,0.6779237023139462,0.869983948635634,0.555327868852459,144,77,113,976
2422,549,0.30340741348204037,0.2538256443063975,0.5043384453370844,0.4335154826958106,0.24669603524229075,0.18791946308724833,0.358974358974359,0.09424083769633508,0.054878048780487805,0.3333333333333333,0.044444444444444446,0.3333333333333333,0.023809523809523808,0.6299212598425197,0.8583690987124464,0.4975124378109453,78,27,42,402
2425,553,0.34117083627622274,0.22751167824502055,0.33180344628193176,0.27486437613019893,0.2549019607843137,0.24528301886792453,0.2653061224489796,0.09433962264150944,0.06329113924050633,0.18518518518518517,0.1883656509695291,0.10932475884244373,0.68,0.37243947858473,0.9090909090909091,0.234192037470726,49,27,50,427
2460,1800,0.4429346822975769,0.31585005144613304,0.536067921045455,0.4538888888888889,0.34782608695652173,0.24181360201511334,0.6193548387096774,0.12158054711246201,0.0684931506849315,0.5405405405405406,0.17557251908396945,0.21904761904761905,0.1464968152866242,0.618421052631579,0.9215686274509803,0.46534653465346537,155,74,157,1414
2462,1391,0.3830031139591732,0.30400550339528265,0.4999568881577128,0.4205607476635514,0.26380368098159507,0.23756906077348067,0.296551724137931,0.14705882352941177,0.08583690987124463,0.5128205128205128,0.20670391061452514,0.16666666666666666,0.27205882352941174,0.5984555984555985,0.8908045977011494,0.45058139534883723,145,78,136,1032
2463,593,0.401278047229157,0.33459971736740823,0.5286077805636924,0.45699831365935917,0.3090909090909091,0.3269230769230769,0.29310344827586204,0.18604651162790697,0.14285714285714285,0.26666666666666666,0.22922636103151864,0.14285714285714285,0.5797101449275363,0.6140350877192983,0.9012875536480687,0.4656319290465632,58,15,69,451
2480,28114,0.426452984502744,0.354505000475473,0.6708103609469028,0.5993455218040834,0.3398864132809087,0.29957643434732384,0.3927309439676931,0.13365518993774617,0.07812267934056141,0.46221441124780316,0.17662215975638323,0.16327414465136422,0.1923469387755102,0.767856238926854,0.9207283763277694,0.6585196440199697,1981,1138,1960,23035
2481,2636,0.40161771104627864,0.3402487555173882,0.5974513722700115,0.5276934749620638,0.3423913043478261,0.2876712328767123,0.4228187919463087,0.13975155279503104,0.0872093023255814,0.3515625,0.1721170395869191,0.13123359580052493,0.25,0.7067351253397764,0.8993082244427364,0.582089552238806,298,128,200,2010
2482,16002,0.3950847286187278,0.33917290112449866,0.6411041971130018,0.5717410323709536,0.28761755485893414,0.2917329093799682,0.2836166924265842,0.12852168407723963,0.08042789223454834,0.31968503937007875,0.19375,0.13537117903930132,0.34065934065934067,0.7468023655618209,0.9035944086975816,0.6363778420189077,1294,635,1274,12799
2505,1378,0.3388080877261405,0.27009978959572445,0.48991958588066997,0.4034833091436865,0.2857142857142857,0.24277456647398843,0.34710743801652894,0.12519561815336464,0.07194244604316546,0.4819277108433735,0.0851063829787234,0.08130081300813008,0.08928571428571429,0.5843828715365239,0.8821292775665399,0.4369114877589454,121,83,112,1062
2506,631,0.38713721686513836,0.29071618323952114,0.506118662097109,0.41679873217115687,0.3287671232876712,0.34285714285714286,0.3157894736842105,0.1148036253776435,0.0625,0.7037037037037037,0.11594202898550725,0.3076923076923077,0.07142857142857142,0.6033519553072626,0.8852459016393442,0.4576271186440678,76,27,56,472
2510,1104,0.4116781499960402,0.30057846908251357,0.4782038125904114,0.411231884057971,0.274582560296846,0.17452830188679244,0.6434782608695652,0.17993079584775087,0.11403508771929824,0.4262295081967213,0.1837837837837838,0.2,0.17,0.5640167364016736,0.9182561307901907,0.40700483091787437,115,61,100,828
2513,759,0.3514453647925033,0.24237875746984572,0.49092384221868485,0.4163372859025033,0.3014705882352941,0.21693121693121692,0.4939759036144578,0.06691449814126393,0.03614457831325301,0.45,0.0,0.0,0.0,0.6011299435028249,0.86084142394822,0.4618055555555556,83,20,80,576
2514,3648,0.4240669586014769,0.3441170311083727,0.5956511414115816,0.5213815789473685,0.35432230522945574,0.30514705882352944,0.4223918575063613,0.11529933481152993,0.06683804627249357,0.41935483870967744,0.2120866590649943,0.16787003610108303,0.28792569659442724,0.6947598253275109,0.8978555304740407,0.5665954415954416,393,124,323,2808
2518,979,0.39850937329642744,0.3078045067815938,0.45268005349240714,0.39734422880490294,0.40625,0.3063973063973064,0.6026490066225165,0.15625,0.09287925696594428,0.4918032786885246,0.13496932515337423,0.15714285714285714,0.11827956989247312,0.5337487019730011,0.889273356401384,0.38130563798219586,151,61,93,674
2521,1350,0.3804895850880775,0.31025721513441773,0.47730225162143153,0.41185185185185186,0.3213675213675214,0.2243436754176611,0.5662650602409639,0.11224489795918367,0.07028753993610223,0.27848101265822783,0.23920265780730898,0.2222222222222222,0.2589928057553957,0.5682137834036568,0.8859649122807017,0.41821946169772256,166,79,139,966
2523,4021,0.3659136255117561,0.28105157591411756,0.44303770046644625,0.36732156180054715,0.2517162471395881,0.19480519480519481,0.35560344827586204,0.14383561643835616,0.08349900596421471,0.5185185185185185,0.2002534854245881,0.18854415274463007,0.21351351351351353,0.528400954653938,0.8884430176565008,0.37601902173913043,464,243,370,2944
2560,1854,0.37161291972733357,0.2544719015636704,0.3963015153178122,0.313915857605178,0.30708661417322836,0.24,0.4262295081967213,0.10030090270812438,0.0546448087431694,0.6097560975609756,0.16083916083916083,0.17293233082706766,0.1503267973856209,0.44966092853416795,0.896049896049896,0.30013927576601673,183,82,153,1436
2580,17629,0.41990613240103736,0.3341437321271076,0.6231720608186537,0.5406999829825855,0.3054283845650752,0.2625070264193367,0.36512900703674744,0.13703416149068323,0.07986425339366515,0.4822404371584699,0.17642254288047918,0.13763806287170774,0.24564063684609552,0.7176898395721926,0.9241956809167033,0.5866144485628365,1279,732,1319,14299
2581,9458,0.3983426282434735,0.33659797793310253,0.6565058221593477,0.5803552548107422,0.276981852913085,0.3348729792147806,0.23615635179153094,0.11824817518248175,0.06795302013422819,0.4550561797752809,0.1986970684039088,0.1608084358523726,0.2599431818181818,0.7524648152329344,0.9084135925858623,0.6422147995889003,614,356,704,7784
2582,6391,0.4122641695131677,0.3479482065894117,0.6452336746300672,0.5798779533719293,0.31499623210248684,0.2599502487562189,0.39961759082217974,0.12698412698412698,0.0773966578715919,0.3534136546184739,0.19866567828020756,0.16381418092909536,0.2523540489642185,0.7511467889908257,0.9017070484581498,0.6436713836477987,523,249,531,5088
2583,2071,0.36170894587587543,0.2952456496355285,0.3943672082769992,0.4002897151134718,0.5274476513865308,0.3876871880199667,0.8247787610619469,0.12109375,0.07908163265306123,0.25833333333333336,0.1253731343283582,0.1721311475409836,0.09859154929577464,0.40706806282722513,0.8760563380281691,0.2651321398124467,565,120,213,1173
2584,4973,0.37652707559245246,0.32358195384546184,0.5904005561521724,0.5250351900261412,0.32722513089005234,0.24248302618816683,0.5030181086519114,0.09710982658959537,0.06461538461538462,0.19534883720930232,0.1644479248238058,0.12995049504950495,0.22388059701492538,0.7055449330783938,0.8913043478260869,0.5838607594936709,497,215,469,3792
